<?xml version="1.0" encoding="UTF-8" ?>
<feedback>
  <report_metadata>
    <org_name>google.com</org_name>
    <email>noreply-dmarc-support@google.com</email>
    <extra_contact_info>http://support.google.com/a/bin/answer.py?answer=2466580</extra_contact_info>
    <report_id>18398491915303485182</report_id>
    <date_range>
      <begin>1339113600</begin>
      <end>1339199999</end>
    </date_range>
  </report_metadata>
  <policy_published>
    <domain>gamebattles.com</domain>
    <adkim>r</adkim>
    <aspf>r</aspf>
    <p>none</p>
    <pct>100</pct>
  </policy_published>
  <record>
    <row>
      <source_ip>174.143.44.253</source_ip>
      <count>666</count>
      <policy_evaluated>
        <disposition>none</disposition>
      </policy_evaluated>
    </row>
    <identities>
      <header_from>gamebattles.com</header_from>
    </identities>
    <auth_results>
      <dkim>
        <domain>gamebattles.com</domain>
        <result>pass</result>
        <human_result></human_result>
      </dkim>
      <spf>
        <domain>gamebattles.com</domain>
        <result>pass</result>
      </spf>
    </auth_results>
  </record>
  <record>
    <row>
      <source_ip>65.55.34.24</source_ip>
      <count>1</count>
      <policy_evaluated>
        <disposition>none</disposition>
        <reason>
          <type>forwarded</type>
          <comment></comment>
        </reason>
      </policy_evaluated>
    </row>
    <identities>
      <header_from>gamebattles.com</header_from>
    </identities>
    <auth_results>
      <dkim>
        <domain>gamebattles.com</domain>
        <result>pass</result>
        <human_result></human_result>
      </dkim>
      <spf>
        <domain>hotmail.com</domain>
        <result>pass</result>
      </spf>
    </auth_results>
  </record>
  <record>
    <row>
      <source_ip>65.55.90.31</source_ip>
      <count>1</count>
      <policy_evaluated>
        <disposition>none</disposition>
        <reason>
          <type>forwarded</type>
          <comment></comment>
        </reason>
      </policy_evaluated>
    </row>
    <identities>
      <header_from>gamebattles.com</header_from>
    </identities>
    <auth_results>
      <dkim>
        <domain>gamebattles.com</domain>
        <result>pass</result>
        <human_result></human_result>
      </dkim>
      <spf>
        <domain>hotmail.com</domain>
        <result>pass</result>
      </spf>
    </auth_results>
  </record>
  <record>
    <row>
      <source_ip>67.20.83.37</source_ip>
      <count>1</count>
      <policy_evaluated>
        <disposition>none</disposition>
        <reason>
          <type>forwarded</type>
          <comment></comment>
        </reason>
      </policy_evaluated>
    </row>
    <identities>
      <header_from>gamebattles.com</header_from>
    </identities>
    <auth_results>
      <dkim>
        <domain>gamebattles.com</domain>
        <result>pass</result>
        <human_result></human_result>
      </dkim>
      <spf>
        <domain>gamebattles.com</domain>
        <result>softfail</result>
      </spf>
    </auth_results>
  </record>
  <record>
    <row>
      <source_ip>209.25.170.29</source_ip>
      <count>1</count>
      <policy_evaluated>
        <disposition>none</disposition>
        <reason>
          <type>forwarded</type>
          <comment></comment>
        </reason>
      </policy_evaluated>
    </row>
    <identities>
      <header_from>gamebattles.com</header_from>
    </identities>
    <auth_results>
      <dkim>
        <domain>gamebattles.com</domain>
        <result>pass</result>
        <human_result></human_result>
      </dkim>
      <spf>
        <domain>gamebattles.com</domain>
        <result>softfail</result>
      </spf>
    </auth_results>
  </record>
  <record>
    <row>
      <source_ip>209.85.216.199</source_ip>
      <count>1</count>
      <policy_evaluated>
        <disposition>none</disposition>
        <reason>
          <type>forwarded</type>
          <comment></comment>
        </reason>
        <reason>
          <type>trusted_forwarder</type>
          <comment></comment>
        </reason>
        <reason>
          <type>mailing_list</type>
          <comment></comment>
        </reason>
      </policy_evaluated>
    </row>
    <identities>
      <header_from>gamebattles.com</header_from>
    </identities>
    <auth_results>
      <dkim>
        <domain>staff.gamebattles.com</domain>
        <result>pass</result>
        <human_result></human_result>
      </dkim>
      <dkim>
        <domain></domain>
        <result>none</result>
        <human_result></human_result>
      </dkim>
      <spf>
        <domain>staff.gamebattles.com</domain>
        <result>pass</result>
      </spf>
      <spf>
        <domain>gamebattles.com</domain>
        <result>pass</result>
      </spf>
    </auth_results>
  </record>
  <record>
    <row>
      <source_ip>65.55.34.19</source_ip>
      <count>3</count>
      <policy_evaluated>
        <disposition>none</disposition>
        <reason>
          <type>forwarded</type>
          <comment></comment>
        </reason>
      </policy_evaluated>
    </row>
    <identities>
      <header_from>gamebattles.com</header_from>
    </identities>
    <auth_results>
      <dkim>
        <domain>gamebattles.com</domain>
        <result>pass</result>
        <human_result></human_result>
      </dkim>
      <spf>
        <domain>hotmail.com</domain>
        <result>pass</result>
      </spf>
    </auth_results>
  </record>
  <record>
    <row>
      <source_ip>216.32.180.31</source_ip>
      <count>1</count>
      <policy_evaluated>
        <disposition>none</disposition>
        <reason>
          <type>forwarded</type>
          <comment></comment>
        </reason>
      </policy_evaluated>
    </row>
    <identities>
      <header_from>gamebattles.com</header_from>
    </identities>
    <auth_results>
      <dkim>
        <domain>gamebattles.com</domain>
        <result>neutral</result>
        <human_result></human_result>
      </dkim>
      <spf>
        <domain>memphis.edu</domain>
        <result>pass</result>
      </spf>
    </auth_results>
  </record>
  <record>
    <row>
      <source_ip>38.111.141.31</source_ip>
      <count>1</count>
      <policy_evaluated>
        <disposition>none</disposition>
      </policy_evaluated>
    </row>
    <identities>
      <header_from>gamebattles.com</header_from>
    </identities>
    <auth_results>
      <dkim>
        <domain></domain>
        <result>none</result>
        <human_result></human_result>
      </dkim>
      <spf>
        <domain>atlanticbb.net</domain>
        <result>neutral</result>
      </spf>
    </auth_results>
  </record>
  <record>
    <row>
      <source_ip>65.54.61.86</source_ip>
      <count>1</count>
      <policy_evaluated>
        <disposition>none</disposition>
        <reason>
          <type>forwarded</type>
          <comment></comment>
        </reason>
      </policy_evaluated>
    </row>
    <identities>
      <header_from>gamebattles.com</header_from>
    </identities>
    <auth_results>
      <dkim>
        <domain>gamebattles.com</domain>
        <result>pass</result>
        <human_result></human_result>
      </dkim>
      <spf>
        <domain>hotmail.com</domain>
        <result>pass</result>
      </spf>
    </auth_results>
  </record>
  <record>
    <row>
      <source_ip>65.55.34.25</source_ip>
      <count>1</count>
      <policy_evaluated>
        <disposition>none</disposition>
        <reason>
          <type>forwarded</type>
          <comment></comment>
        </reason>
      </policy_evaluated>
    </row>
    <identities>
      <header_from>gamebattles.com</header_from>
    </identities>
    <auth_results>
      <dkim>
        <domain>gamebattles.com</domain>
        <result>pass</result>
        <human_result></human_result>
      </dkim>
      <spf>
        <domain>hotmail.com</domain>
        <result>pass</result>
      </spf>
    </auth_results>
  </record>
  <record>
    <row>
      <source_ip>65.55.90.30</source_ip>
      <count>1</count>
      <policy_evaluated>
        <disposition>none</disposition>
        <reason>
          <type>forwarded</type>
          <comment></comment>
        </reason>
      </policy_evaluated>
    </row>
    <identities>
      <header_from>gamebattles.com</header_from>
    </identities>
    <auth_results>
      <dkim>
        <domain>gamebattles.com</domain>
        <result>pass</result>
        <human_result></human_result>
      </dkim>
      <spf>
        <domain>windowslive.com</domain>
        <result>pass</result>
      </spf>
    </auth_results>
  </record>
  <record>
    <row>
      <source_ip>72.35.23.122</source_ip>
      <count>2</count>
      <policy_evaluated>
        <disposition>none</disposition>
        <reason>
          <type>forwarded</type>
          <comment></comment>
        </reason>
      </policy_evaluated>
    </row>
    <identities>
      <header_from>gamebattles.com</header_from>
    </identities>
    <auth_results>
      <dkim>
        <domain>gamebattles.com</domain>
        <result>fail</result>
        <human_result></human_result>
      </dkim>
      <spf>
        <domain>fusemail.com</domain>
        <result>pass</result>
      </spf>
    </auth_results>
  </record>
  <record>
    <row>
      <source_ip>65.54.61.88</source_ip>
      <count>1</count>
      <policy_evaluated>
        <disposition>none</disposition>
        <reason>
          <type>forwarded</type>
          <comment></comment>
        </reason>
      </policy_evaluated>
    </row>
    <identities>
      <header_from>gamebattles.com</header_from>
    </identities>
    <auth_results>
      <dkim>
        <domain>gamebattles.com</domain>
        <result>pass</result>
        <human_result></human_result>
      </dkim>
      <spf>
        <domain>hotmail.com</domain>
        <result>pass</result>
      </spf>
    </auth_results>
  </record>
  <record>
    <row>
      <source_ip>65.55.34.13</source_ip>
      <count>1</count>
      <policy_evaluated>
        <disposition>none</disposition>
        <reason>
          <type>forwarded</type>
          <comment></comment>
        </reason>
      </policy_evaluated>
    </row>
    <identities>
      <header_from>gamebattles.com</header_from>
    </identities>
    <auth_results>
      <dkim>
        <domain>gamebattles.com</domain>
        <result>pass</result>
        <human_result></human_result>
      </dkim>
      <spf>
        <domain>hotmail.com</domain>
        <result>pass</result>
      </spf>
    </auth_results>
  </record>
  <record>
    <row>
      <source_ip>65.55.116.15</source_ip>
      <count>1</count>
      <policy_evaluated>
        <disposition>none</disposition>
        <reason>
          <type>forwarded</type>
          <comment></comment>
        </reason>
      </policy_evaluated>
    </row>
    <identities>
      <header_from>gamebattles.com</header_from>
    </identities>
    <auth_results>
      <dkim>
        <domain>gamebattles.com</domain>
        <result>pass</result>
        <human_result></human_result>
      </dkim>
      <spf>
        <domain>hotmail.com</domain>
        <result>pass</result>
      </spf>
    </auth_results>
  </record>
  <record>
    <row>
      <source_ip>94.136.40.62</source_ip>
      <count>1</count>
      <policy_evaluated>
        <disposition>none</disposition>
        <reason>
          <type>forwarded</type>
          <comment></comment>
        </reason>
      </policy_evaluated>
    </row>
    <identities>
      <header_from>gamebattles.com</header_from>
    </identities>
    <auth_results>
      <dkim>
        <domain>gamebattles.com</domain>
        <result>pass</result>
        <human_result></human_result>
      </dkim>
      <spf>
        <domain>gamebattles.com</domain>
        <result>softfail</result>
      </spf>
    </auth_results>
  </record>
  <record>
    <row>
      <source_ip>98.138.229.151</source_ip>
      <count>1</count>
      <policy_evaluated>
        <disposition>none</disposition>
        <reason>
          <type>forwarded</type>
          <comment></comment>
        </reason>
      </policy_evaluated>
    </row>
    <identities>
      <header_from>gamebattles.com</header_from>
    </identities>
    <auth_results>
      <dkim>
        <domain>gamebattles.com</domain>
        <result>pass</result>
        <human_result></human_result>
      </dkim>
      <spf>
        <domain>gamebattles.com</domain>
        <result>softfail</result>
      </spf>
    </auth_results>
  </record>
  <record>
    <row>
      <source_ip>213.199.154.207</source_ip>
      <count>1</count>
      <policy_evaluated>
        <disposition>none</disposition>
        <reason>
          <type>forwarded</type>
          <comment></comment>
        </reason>
      </policy_evaluated>
    </row>
    <identities>
      <header_from>gamebattles.com</header_from>
    </identities>
    <auth_results>
      <dkim>
        <domain>gamebattles.com</domain>
        <result>fail</result>
        <human_result></human_result>
      </dkim>
      <spf>
        <domain>am1outboundpool.messaging.microsoft.com</domain>
        <result>neutral</result>
      </spf>
    </auth_results>
  </record>
  <record>
    <row>
      <source_ip>209.85.213.71</source_ip>
      <count>1</count>
      <policy_evaluated>
        <disposition>none</disposition>
        <reason>
          <type>forwarded</type>
          <comment></comment>
        </reason>
        <reason>
          <type>trusted_forwarder</type>
          <comment></comment>
        </reason>
        <reason>
          <type>mailing_list</type>
          <comment></comment>
        </reason>
      </policy_evaluated>
    </row>
    <identities>
      <header_from>gamebattles.com</header_from>
    </identities>
    <auth_results>
      <dkim>
        <domain>staff.gamebattles.com</domain>
        <result>pass</result>
        <human_result></human_result>
      </dkim>
      <dkim>
        <domain></domain>
        <result>none</result>
        <human_result></human_result>
      </dkim>
      <spf>
        <domain>staff.gamebattles.com</domain>
        <result>pass</result>
      </spf>
      <spf>
        <domain>gamebattles.com</domain>
        <result>pass</result>
      </spf>
    </auth_results>
  </record>
  <record>
    <row>
      <source_ip>128.172.8.176</source_ip>
      <count>1</count>
      <policy_evaluated>
        <disposition>none</disposition>
      </policy_evaluated>
    </row>
    <identities>
      <header_from>gamebattles.com</header_from>
    </identities>
    <auth_results>
      <dkim>
        <domain>gamebattles.com</domain>
        <result>pass</result>
        <human_result></human_result>
      </dkim>
      <spf>
        <domain>gamebattles.com</domain>
        <result>softfail</result>
      </spf>
    </auth_results>
  </record>
  <record>
    <row>
      <source_ip>65.54.61.76</source_ip>
      <count>1</count>
      <policy_evaluated>
        <disposition>none</disposition>
        <reason>
          <type>forwarded</type>
          <comment></comment>
        </reason>
      </policy_evaluated>
    </row>
    <identities>
      <header_from>gamebattles.com</header_from>
    </identities>
    <auth_results>
      <dkim>
        <domain>gamebattles.com</domain>
        <result>pass</result>
        <human_result></human_result>
      </dkim>
      <spf>
        <domain>hotmail.com</domain>
        <result>pass</result>
      </spf>
    </auth_results>
  </record>
  <record>
    <row>
      <source_ip>65.55.90.30</source_ip>
      <count>1</count>
      <policy_evaluated>
        <disposition>none</disposition>
        <reason>
          <type>forwarded</type>
          <comment></comment>
        </reason>
      </policy_evaluated>
    </row>
    <identities>
      <header_from>gamebattles.com</header_from>
    </identities>
    <auth_results>
      <dkim>
        <domain>gamebattles.com</domain>
        <result>pass</result>
        <human_result></human_result>
      </dkim>
      <spf>
        <domain>hotmail.com</domain>
        <result>pass</result>
      </spf>
    </auth_results>
  </record>
  <record>
    <row>
      <source_ip>65.55.116.33</source_ip>
      <count>2</count>
      <policy_evaluated>
        <disposition>none</disposition>
        <reason>
          <type>forwarded</type>
          <comment></comment>
        </reason>
      </policy_evaluated>
    </row>
    <identities>
      <header_from>gamebattles.com</header_from>
    </identities>
    <auth_results>
      <dkim>
        <domain>gamebattles.com</domain>
        <result>pass</result>
        <human_result></human_result>
      </dkim>
      <spf>
        <domain>hotmail.com</domain>
        <result>pass</result>
      </spf>
    </auth_results>
  </record>
  <record>
    <row>
      <source_ip>65.55.116.34</source_ip>
      <count>1</count>
      <policy_evaluated>
        <disposition>none</disposition>
        <reason>
          <type>forwarded</type>
          <comment></comment>
        </reason>
      </policy_evaluated>
    </row>
    <identities>
      <header_from>gamebattles.com</header_from>
    </identities>
    <auth_results>
      <dkim>
        <domain>gamebattles.com</domain>
        <result>pass</result>
        <human_result></human_result>
      </dkim>
      <spf>
        <domain>hotmail.com</domain>
        <result>pass</result>
      </spf>
    </auth_results>
  </record>
  <record>
    <row>
      <source_ip>65.55.116.46</source_ip>
      <count>1</count>
      <policy_evaluated>
        <disposition>none</disposition>
        <reason>
          <type>forwarded</type>
          <comment></comment>
        </reason>
      </policy_evaluated>
    </row>
    <identities>
      <header_from>gamebattles.com</header_from>
    </identities>
    <auth_results>
      <dkim>
        <domain>gamebattles.com</domain>
        <result>pass</result>
        <human_result></human_result>
      </dkim>
      <spf>
        <domain>hotmail.com</domain>
        <result>pass</result>
      </spf>
    </auth_results>
  </record>
  <record>
    <row>
      <source_ip>65.55.116.47</source_ip>
      <count>2</count>
      <policy_evaluated>
        <disposition>none</disposition>
        <reason>
          <type>forwarded</type>
          <comment></comment>
        </reason>
      </policy_evaluated>
    </row>
    <identities>
      <header_from>gamebattles.com</header_from>
    </identities>
    <auth_results>
      <dkim>
        <domain>gamebattles.com</domain>
        <result>pass</result>
        <human_result></human_result>
      </dkim>
      <spf>
        <domain>hotmail.com</domain>
        <result>pass</result>
      </spf>
    </auth_results>
  </record>
  <record>
    <row>
      <source_ip>69.89.30.211</source_ip>
      <count>1</count>
      <policy_evaluated>
        <disposition>none</disposition>
        <reason>
          <type>forwarded</type>
          <comment></comment>
        </reason>
      </policy_evaluated>
    </row>
    <identities>
      <header_from>gamebattles.com</header_from>
    </identities>
    <auth_results>
      <dkim>
        <domain>gamebattles.com</domain>
        <result>pass</result>
        <human_result></human_result>
      </dkim>
      <spf>
        <domain>gamebattles.com</domain>
        <result>softfail</result>
      </spf>
    </auth_results>
  </record>
  <record>
    <row>
      <source_ip>174.143.44.253</source_ip>
      <count>4</count>
      <policy_evaluated>
        <disposition>none</disposition>
      </policy_evaluated>
    </row>
    <identities>
      <header_from>gamebattles.com</header_from>
    </identities>
    <auth_results>
      <dkim>
        <domain>gamebattles.com</domain>
        <result>fail</result>
        <human_result></human_result>
      </dkim>
      <spf>
        <domain>gamebattles.com</domain>
        <result>pass</result>
      </spf>
    </auth_results>
  </record>
  <record>
    <row>
      <source_ip>91.184.19.32</source_ip>
      <count>7</count>
      <policy_evaluated>
        <disposition>none</disposition>
        <reason>
          <type>forwarded</type>
          <comment></comment>
        </reason>
      </policy_evaluated>
    </row>
    <identities>
      <header_from>gamebattles.com</header_from>
    </identities>
    <auth_results>
      <dkim>
        <domain>gamebattles.com</domain>
        <result>pass</result>
        <human_result></human_result>
      </dkim>
      <spf>
        <domain>gamebattles.com</domain>
        <result>softfail</result>
      </spf>
    </auth_results>
  </record>
  <record>
    <row>
      <source_ip>74.125.82.173</source_ip>
      <count>1</count>
      <policy_evaluated>
        <disposition>none</disposition>
        <reason>
          <type>forwarded</type>
          <comment></comment>
        </reason>
      </policy_evaluated>
    </row>
    <identities>
      <header_from>gamebattles.com</header_from>
    </identities>
    <auth_results>
      <dkim>
        <domain>gamebattles.com</domain>
        <result>pass</result>
        <human_result></human_result>
      </dkim>
      <spf>
        <domain>fusevps.com</domain>
        <result>neutral</result>
      </spf>
    </auth_results>
  </record>
  <record>
    <row>
      <source_ip>65.55.34.23</source_ip>
      <count>1</count>
      <policy_evaluated>
        <disposition>none</disposition>
        <reason>
          <type>forwarded</type>
          <comment></comment>
        </reason>
      </policy_evaluated>
    </row>
    <identities>
      <header_from>gamebattles.com</header_from>
    </identities>
    <auth_results>
      <dkim>
        <domain>gamebattles.com</domain>
        <result>pass</result>
        <human_result></human_result>
      </dkim>
      <spf>
        <domain>hotmail.com</domain>
        <result>pass</result>
      </spf>
    </auth_results>
  </record>
  <record>
    <row>
      <source_ip>65.55.116.20</source_ip>
      <count>1</count>
      <policy_evaluated>
        <disposition>none</disposition>
        <reason>
          <type>forwarded</type>
          <comment></comment>
        </reason>
      </policy_evaluated>
    </row>
    <identities>
      <header_from>gamebattles.com</header_from>
    </identities>
    <auth_results>
      <dkim>
        <domain>gamebattles.com</domain>
        <result>pass</result>
        <human_result></human_result>
      </dkim>
      <spf>
        <domain>live.com</domain>
        <result>pass</result>
      </spf>
    </auth_results>
  </record>
  <record>
    <row>
      <source_ip>65.55.116.40</source_ip>
      <count>1</count>
      <policy_evaluated>
        <disposition>none</disposition>
        <reason>
          <type>forwarded</type>
          <comment></comment>
        </reason>
      </policy_evaluated>
    </row>
    <identities>
      <header_from>gamebattles.com</header_from>
    </identities>
    <auth_results>
      <dkim>
        <domain>gamebattles.com</domain>
        <result>pass</result>
        <human_result></human_result>
      </dkim>
      <spf>
        <domain>hotmail.com</domain>
        <result>pass</result>
      </spf>
    </auth_results>
  </record>
  <record>
    <row>
      <source_ip>94.136.40.61</source_ip>
      <count>4</count>
      <policy_evaluated>
        <disposition>none</disposition>
        <reason>
          <type>forwarded</type>
          <comment></comment>
        </reason>
      </policy_evaluated>
    </row>
    <identities>
      <header_from>gamebattles.com</header_from>
    </identities>
    <auth_results>
      <dkim>
        <domain>gamebattles.com</domain>
        <result>pass</result>
        <human_result></human_result>
      </dkim>
      <spf>
        <domain>gamebattles.com</domain>
        <result>softfail</result>
      </spf>
    </auth_results>
  </record>
  <record>
    <row>
      <source_ip>91.184.19.33</source_ip>
      <count>3</count>
      <policy_evaluated>
        <disposition>none</disposition>
        <reason>
          <type>forwarded</type>
          <comment></comment>
        </reason>
      </policy_evaluated>
    </row>
    <identities>
      <header_from>gamebattles.com</header_from>
    </identities>
    <auth_results>
      <dkim>
        <domain>gamebattles.com</domain>
        <result>pass</result>
        <human_result></human_result>
      </dkim>
      <spf>
        <domain>gamebattles.com</domain>
        <result>softfail</result>
      </spf>
    </auth_results>
  </record>
  <record>
    <row>
      <source_ip>50.22.137.242</source_ip>
      <count>3</count>
      <policy_evaluated>
        <disposition>none</disposition>
        <reason>
          <type>forwarded</type>
          <comment></comment>
        </reason>
      </policy_evaluated>
    </row>
    <identities>
      <header_from>gamebattles.com</header_from>
    </identities>
    <auth_results>
      <dkim>
        <domain>gamebattles.com</domain>
        <result>pass</result>
        <human_result></human_result>
      </dkim>
      <spf>
        <domain>gamebattles.com</domain>
        <result>softfail</result>
      </spf>
    </auth_results>
  </record>
  <record>
    <row>
      <source_ip>65.55.90.49</source_ip>
      <count>1</count>
      <policy_evaluated>
        <disposition>none</disposition>
        <reason>
          <type>forwarded</type>
          <comment></comment>
        </reason>
      </policy_evaluated>
    </row>
    <identities>
      <header_from>gamebattles.com</header_from>
    </identities>
    <auth_results>
      <dkim>
        <domain>gamebattles.com</domain>
        <result>pass</result>
        <human_result></human_result>
      </dkim>
      <spf>
        <domain>hotmail.co.uk</domain>
        <result>pass</result>
      </spf>
    </auth_results>
  </record>
  <record>
    <row>
      <source_ip>98.139.52.239</source_ip>
      <count>1</count>
      <policy_evaluated>
        <disposition>none</disposition>
        <reason>
          <type>forwarded</type>
          <comment></comment>
        </reason>
      </policy_evaluated>
    </row>
    <identities>
      <header_from>gamebattles.com</header_from>
    </identities>
    <auth_results>
      <dkim>
        <domain>gamebattles.com</domain>
        <result>pass</result>
        <human_result></human_result>
      </dkim>
      <spf>
        <domain>gamebattles.com</domain>
        <result>softfail</result>
      </spf>
    </auth_results>
  </record>
  <record>
    <row>
      <source_ip>65.55.88.11</source_ip>
      <count>1</count>
      <policy_evaluated>
        <disposition>none</disposition>
        <reason>
          <type>forwarded</type>
          <comment></comment>
        </reason>
      </policy_evaluated>
    </row>
    <identities>
      <header_from>gamebattles.com</header_from>
    </identities>
    <auth_results>
      <dkim>
        <domain>gamebattles.com</domain>
        <result>fail</result>
        <human_result></human_result>
      </dkim>
      <spf>
        <domain>tx2outboundpool.messaging.microsoft.com</domain>
        <result>neutral</result>
      </spf>
    </auth_results>
  </record>
  <record>
    <row>
      <source_ip>130.18.2.143</source_ip>
      <count>7</count>
      <policy_evaluated>
        <disposition>none</disposition>
        <reason>
          <type>forwarded</type>
          <comment></comment>
        </reason>
      </policy_evaluated>
    </row>
    <identities>
      <header_from>gamebattles.com</header_from>
    </identities>
    <auth_results>
      <dkim>
        <domain>gamebattles.com</domain>
        <result>pass</result>
        <human_result></human_result>
      </dkim>
      <spf>
        <domain>gamebattles.com</domain>
        <result>softfail</result>
      </spf>
    </auth_results>
  </record>
  <record>
    <row>
      <source_ip>72.5.230.103</source_ip>
      <count>4</count>
      <policy_evaluated>
        <disposition>none</disposition>
        <reason>
          <type>forwarded</type>
          <comment></comment>
        </reason>
      </policy_evaluated>
    </row>
    <identities>
      <header_from>gamebattles.com</header_from>
    </identities>
    <auth_results>
      <dkim>
        <domain>gamebattles.com</domain>
        <result>pass</result>
        <human_result></human_result>
      </dkim>
      <spf>
        <domain>zoho.com</domain>
        <result>pass</result>
      </spf>
    </auth_results>
  </record>
</feedback>
