<?xml version="1.0"?>	
<feedback>	
  <report_metadata>	
    <org_name>Yahoo! Inc.</org_name>	
    <email>postmaster@dmarc.yahoo.com</email>	
    <report_id>1339232909.154757</report_id>	
    <date_range>	
      <begin>1339113600</begin>	
      <end>1339199999 </end>	
    </date_range>	
  </report_metadata>	
  <policy_published>	
    <domain>staff.gamebattles.com</domain>	
    <adkim>r</adkim>	
    <aspf>r</aspf>	
    <p>none</p>	
    <pct>100</pct>	
  </policy_published>	
  <record>	
    <row>	
      <source_ip>209.85.220.175</source_ip>	
      <count>1</count>	
      <policy_evaluated>	
        <disposition>none</disposition>	
        <dkim>pass</dkim>	
        <spf>pass</spf>	
      </policy_evaluated>	
    </row>	
    <identifiers>	
      <header_from>staff.gamebattles.com</header_from>	
    </identifiers>	
    <auth_results>	
      <dkim>	
        <domain>staff.gamebattles.com</domain>	
        <result>pass</result>	
      </dkim>	
      <spf>	
        <domain>staff.gamebattles.com</domain>	
        <result>pass</result>	
      </spf>	
    </auth_results>	
  </record>	
</feedback>	
