<?xml version="1.0"?>	
<feedback>	
  <report_metadata>	
    <org_name>Yahoo! Inc.</org_name>	
    <email>postmaster@dmarc.yahoo.com</email>	
    <report_id>1339147361.3501</report_id>	
    <date_range>	
      <begin>1339027200</begin>	
      <end>1339113599 </end>	
    </date_range>	
  </report_metadata>	
  <policy_published>	
    <domain>majorleaguegaming.com</domain>	
    <adkim>r</adkim>	
    <aspf>r</aspf>	
    <p>none</p>	
    <pct>100</pct>	
  </policy_published>	
  <record>	
    <row>	
      <source_ip>174.143.44.253</source_ip>	
      <count>5</count>	
      <policy_evaluated>	
        <disposition>none</disposition>	
        <dkim>fail</dkim>	
        <spf>pass</spf>	
      </policy_evaluated>	
    </row>	
    <identifiers>	
      <header_from>majorleaguegaming.com</header_from>	
    </identifiers>	
    <auth_results>	
      <dkim>	
        <domain>majorleaguegaming.com</domain>	
        <result>permerror</result>	
      </dkim>	
      <spf>	
        <domain>majorleaguegaming.com</domain>	
        <result>pass</result>	
      </spf>	
    </auth_results>	
  </record>	
  <record>	
    <row>	
      <source_ip>174.143.44.253</source_ip>	
      <count>1955</count>	
      <policy_evaluated>	
        <disposition>none</disposition>	
        <dkim>pass</dkim>	
        <spf>pass</spf>	
      </policy_evaluated>	
    </row>	
    <identifiers>	
      <header_from>majorleaguegaming.com</header_from>	
    </identifiers>	
    <auth_results>	
      <dkim>	
        <domain>majorleaguegaming.com</domain>	
        <result>pass</result>	
      </dkim>	
      <spf>	
        <domain>majorleaguegaming.com</domain>	
        <result>pass</result>	
      </spf>	
    </auth_results>	
  </record>	
  <record>	
    <row>	
      <source_ip>174.143.44.253</source_ip>	
      <count>4</count>	
      <policy_evaluated>	
        <disposition>none</disposition>	
        <dkim>fail</dkim>	
        <spf>fail</spf>	
      </policy_evaluated>	
    </row>	
    <identifiers>	
      <header_from>sc2.majorleaguegaming.com</header_from>	
    </identifiers>	
    <auth_results>	
      <dkim>	
        <domain>sc2.majorleaguegaming.com</domain>	
        <result>permerror</result>	
      </dkim>	
      <spf>	
        <domain>sc2.majorleaguegaming.com</domain>	
        <result>none</result>	
      </spf>	
    </auth_results>	
  </record>	
  <record>	
    <row>	
      <source_ip>174.143.44.253</source_ip>	
      <count>1</count>	
      <policy_evaluated>	
        <disposition>none</disposition>	
        <dkim>fail</dkim>	
        <spf>fail</spf>	
      </policy_evaluated>	
    </row>	
    <identifiers>	
      <header_from>tv.majorleaguegaming.com</header_from>	
    </identifiers>	
    <auth_results>	
      <dkim>	
        <domain>tv.majorleaguegaming.com</domain>	
        <result>permerror</result>	
      </dkim>	
      <spf>	
        <domain>tv.majorleaguegaming.com</domain>	
        <result>none</result>	
      </spf>	
    </auth_results>	
  </record>	
  <record>	
    <row>	
      <source_ip>209.85.160.41</source_ip>	
      <count>1</count>	
      <policy_evaluated>	
        <disposition>none</disposition>	
        <dkim>pass</dkim>	
        <spf>pass</spf>	
      </policy_evaluated>	
    </row>	
    <identifiers>	
      <header_from>majorleaguegaming.com</header_from>	
    </identifiers>	
    <auth_results>	
      <dkim>	
        <domain>majorleaguegaming.com</domain>	
        <result>pass</result>	
      </dkim>	
      <spf>	
        <domain>majorleaguegaming.com</domain>	
        <result>pass</result>	
      </spf>	
    </auth_results>	
  </record>	
  <record>	
    <row>	
      <source_ip>209.85.160.44</source_ip>	
      <count>2</count>	
      <policy_evaluated>	
        <disposition>none</disposition>	
        <dkim>pass</dkim>	
        <spf>pass</spf>	
      </policy_evaluated>	
    </row>	
    <identifiers>	
      <header_from>majorleaguegaming.com</header_from>	
    </identifiers>	
    <auth_results>	
      <dkim>	
        <domain>majorleaguegaming.com</domain>	
        <result>pass</result>	
      </dkim>	
      <spf>	
        <domain>majorleaguegaming.com</domain>	
        <result>pass</result>	
      </spf>	
    </auth_results>	
  </record>	
  <record>	
    <row>	
      <source_ip>209.85.160.45</source_ip>	
      <count>1</count>	
      <policy_evaluated>	
        <disposition>none</disposition>	
        <dkim>pass</dkim>	
        <spf>pass</spf>	
      </policy_evaluated>	
    </row>	
    <identifiers>	
      <header_from>majorleaguegaming.com</header_from>	
    </identifiers>	
    <auth_results>	
      <dkim>	
        <domain>majorleaguegaming.com</domain>	
        <result>pass</result>	
      </dkim>	
      <spf>	
        <domain>majorleaguegaming.com</domain>	
        <result>pass</result>	
      </spf>	
    </auth_results>	
  </record>	
  <record>	
    <row>	
      <source_ip>209.85.160.47</source_ip>	
      <count>2</count>	
      <policy_evaluated>	
        <disposition>none</disposition>	
        <dkim>pass</dkim>	
        <spf>pass</spf>	
      </policy_evaluated>	
    </row>	
    <identifiers>	
      <header_from>majorleaguegaming.com</header_from>	
    </identifiers>	
    <auth_results>	
      <dkim>	
        <domain>majorleaguegaming.com</domain>	
        <result>pass</result>	
      </dkim>	
      <spf>	
        <domain>majorleaguegaming.com</domain>	
        <result>pass</result>	
      </spf>	
    </auth_results>	
  </record>	
  <record>	
    <row>	
      <source_ip>209.85.160.50</source_ip>	
      <count>1</count>	
      <policy_evaluated>	
        <disposition>none</disposition>	
        <dkim>pass</dkim>	
        <spf>pass</spf>	
      </policy_evaluated>	
    </row>	
    <identifiers>	
      <header_from>majorleaguegaming.com</header_from>	
    </identifiers>	
    <auth_results>	
      <dkim>	
        <domain>majorleaguegaming.com</domain>	
        <result>pass</result>	
      </dkim>	
      <spf>	
        <domain>majorleaguegaming.com</domain>	
        <result>pass</result>	
      </spf>	
    </auth_results>	
  </record>	
  <record>	
    <row>	
      <source_ip>209.85.160.52</source_ip>	
      <count>1</count>	
      <policy_evaluated>	
        <disposition>none</disposition>	
        <dkim>pass</dkim>	
        <spf>pass</spf>	
      </policy_evaluated>	
    </row>	
    <identifiers>	
      <header_from>majorleaguegaming.com</header_from>	
    </identifiers>	
    <auth_results>	
      <dkim>	
        <domain>majorleaguegaming.com</domain>	
        <result>pass</result>	
      </dkim>	
      <spf>	
        <domain>majorleaguegaming.com</domain>	
        <result>pass</result>	
      </spf>	
    </auth_results>	
  </record>	
  <record>	
    <row>	
      <source_ip>209.85.160.53</source_ip>	
      <count>1</count>	
      <policy_evaluated>	
        <disposition>none</disposition>	
        <dkim>pass</dkim>	
        <spf>pass</spf>	
      </policy_evaluated>	
    </row>	
    <identifiers>	
      <header_from>majorleaguegaming.com</header_from>	
    </identifiers>	
    <auth_results>	
      <dkim>	
        <domain>majorleaguegaming.com</domain>	
        <result>pass</result>	
      </dkim>	
      <spf>	
        <domain>majorleaguegaming.com</domain>	
        <result>pass</result>	
      </spf>	
    </auth_results>	
  </record>	
  <record>	
    <row>	
      <source_ip>209.85.160.54</source_ip>	
      <count>1</count>	
      <policy_evaluated>	
        <disposition>none</disposition>	
        <dkim>pass</dkim>	
        <spf>pass</spf>	
      </policy_evaluated>	
    </row>	
    <identifiers>	
      <header_from>majorleaguegaming.com</header_from>	
    </identifiers>	
    <auth_results>	
      <dkim>	
        <domain>majorleaguegaming.com</domain>	
        <result>pass</result>	
      </dkim>	
      <spf>	
        <domain>majorleaguegaming.com</domain>	
        <result>pass</result>	
      </spf>	
    </auth_results>	
  </record>	
  <record>	
    <row>	
      <source_ip>209.85.210.43</source_ip>	
      <count>3</count>	
      <policy_evaluated>	
        <disposition>none</disposition>	
        <dkim>pass</dkim>	
        <spf>pass</spf>	
      </policy_evaluated>	
    </row>	
    <identifiers>	
      <header_from>majorleaguegaming.com</header_from>	
    </identifiers>	
    <auth_results>	
      <dkim>	
        <domain>majorleaguegaming.com</domain>	
        <result>pass</result>	
      </dkim>	
      <spf>	
        <domain>majorleaguegaming.com</domain>	
        <result>pass</result>	
      </spf>	
    </auth_results>	
  </record>	
  <record>	
    <row>	
      <source_ip>209.85.210.45</source_ip>	
      <count>1</count>	
      <policy_evaluated>	
        <disposition>none</disposition>	
        <dkim>pass</dkim>	
        <spf>pass</spf>	
      </policy_evaluated>	
    </row>	
    <identifiers>	
      <header_from>majorleaguegaming.com</header_from>	
    </identifiers>	
    <auth_results>	
      <dkim>	
        <domain>majorleaguegaming.com</domain>	
        <result>pass</result>	
      </dkim>	
      <spf>	
        <domain>majorleaguegaming.com</domain>	
        <result>pass</result>	
      </spf>	
    </auth_results>	
  </record>	
  <record>	
    <row>	
      <source_ip>209.85.210.47</source_ip>	
      <count>3</count>	
      <policy_evaluated>	
        <disposition>none</disposition>	
        <dkim>pass</dkim>	
        <spf>pass</spf>	
      </policy_evaluated>	
    </row>	
    <identifiers>	
      <header_from>majorleaguegaming.com</header_from>	
    </identifiers>	
    <auth_results>	
      <dkim>	
        <domain>majorleaguegaming.com</domain>	
        <result>pass</result>	
      </dkim>	
      <spf>	
        <domain>majorleaguegaming.com</domain>	
        <result>pass</result>	
      </spf>	
    </auth_results>	
  </record>	
  <record>	
    <row>	
      <source_ip>209.85.210.51</source_ip>	
      <count>1</count>	
      <policy_evaluated>	
        <disposition>none</disposition>	
        <dkim>pass</dkim>	
        <spf>pass</spf>	
      </policy_evaluated>	
    </row>	
    <identifiers>	
      <header_from>majorleaguegaming.com</header_from>	
    </identifiers>	
    <auth_results>	
      <dkim>	
        <domain>majorleaguegaming.com</domain>	
        <result>pass</result>	
      </dkim>	
      <spf>	
        <domain>majorleaguegaming.com</domain>	
        <result>pass</result>	
      </spf>	
    </auth_results>	
  </record>	
  <record>	
    <row>	
      <source_ip>209.85.210.52</source_ip>	
      <count>1</count>	
      <policy_evaluated>	
        <disposition>none</disposition>	
        <dkim>pass</dkim>	
        <spf>pass</spf>	
      </policy_evaluated>	
    </row>	
    <identifiers>	
      <header_from>majorleaguegaming.com</header_from>	
    </identifiers>	
    <auth_results>	
      <dkim>	
        <domain>majorleaguegaming.com</domain>	
        <result>pass</result>	
      </dkim>	
      <spf>	
        <domain>majorleaguegaming.com</domain>	
        <result>pass</result>	
      </spf>	
    </auth_results>	
  </record>	
  <record>	
    <row>	
      <source_ip>209.85.210.54</source_ip>	
      <count>1</count>	
      <policy_evaluated>	
        <disposition>none</disposition>	
        <dkim>pass</dkim>	
        <spf>pass</spf>	
      </policy_evaluated>	
    </row>	
    <identifiers>	
      <header_from>majorleaguegaming.com</header_from>	
    </identifiers>	
    <auth_results>	
      <dkim>	
        <domain>majorleaguegaming.com</domain>	
        <result>pass</result>	
      </dkim>	
      <spf>	
        <domain>majorleaguegaming.com</domain>	
        <result>pass</result>	
      </spf>	
    </auth_results>	
  </record>	
  <record>	
    <row>	
      <source_ip>209.85.214.175</source_ip>	
      <count>1</count>	
      <policy_evaluated>	
        <disposition>none</disposition>	
        <dkim>pass</dkim>	
        <spf>fail</spf>	
      </policy_evaluated>	
    </row>	
    <identifiers>	
      <header_from>majorleaguegaming.com</header_from>	
    </identifiers>	
    <auth_results>	
      <dkim>	
        <domain>majorleaguegaming.com</domain>	
        <result>pass</result>	
      </dkim>	
      <spf>	
        <domain>student.cccd.edu</domain>	
        <result>none</result>	
      </spf>	
    </auth_results>	
  </record>	
</feedback>	
