<?xml version="1.0" encoding="UTF-8" ?>
<feedback>
  <report_metadata>
    <org_name>google.com</org_name>
    <email>noreply-dmarc-support@google.com</email>
    <extra_contact_info>http://support.google.com/a/bin/answer.py?answer=2466580</extra_contact_info>
    <report_id>14950160849671361671</report_id>
    <date_range>
      <begin>1339027200</begin>
      <end>1339113599</end>
    </date_range>
  </report_metadata>
  <policy_published>
    <domain>staff.gamebattles.com</domain>
    <adkim>r</adkim>
    <aspf>r</aspf>
    <p>none</p>
    <pct>100</pct>
  </policy_published>
  <record>
    <row>
      <source_ip>209.85.213.180</source_ip>
      <count>1</count>
      <policy_evaluated>
        <disposition>none</disposition>
        <reason>
          <type>forwarded</type>
          <comment></comment>
        </reason>
      </policy_evaluated>
    </row>
    <identities>
      <header_from>staff.gamebattles.com</header_from>
    </identities>
    <auth_results>
      <dkim>
        <domain>staff.gamebattles.com</domain>
        <result>pass</result>
        <human_result></human_result>
      </dkim>
      <spf>
        <domain>staff.gamebattles.com</domain>
        <result>pass</result>
      </spf>
    </auth_results>
  </record>
  <record>
    <row>
      <source_ip>122.161.7.115</source_ip>
      <count>1</count>
      <policy_evaluated>
        <disposition>none</disposition>
      </policy_evaluated>
    </row>
    <identities>
      <header_from>staff.gamebattles.com</header_from>
    </identities>
    <auth_results>
      <dkim>
        <domain></domain>
        <result>none</result>
        <human_result></human_result>
      </dkim>
      <spf>
        <domain>staff.gamebattles.com</domain>
        <result>softfail</result>
      </spf>
    </auth_results>
  </record>
  <record>
    <row>
      <source_ip>209.85.214.180</source_ip>
      <count>2</count>
      <policy_evaluated>
        <disposition>none</disposition>
      </policy_evaluated>
    </row>
    <identities>
      <header_from>staff.gamebattles.com</header_from>
    </identities>
    <auth_results>
      <dkim>
        <domain>staff.gamebattles.com</domain>
        <result>pass</result>
        <human_result></human_result>
      </dkim>
      <spf>
        <domain>staff.gamebattles.com</domain>
        <result>pass</result>
      </spf>
    </auth_results>
  </record>
  <record>
    <row>
      <source_ip>209.85.210.52</source_ip>
      <count>1</count>
      <policy_evaluated>
        <disposition>none</disposition>
        <reason>
          <type>forwarded</type>
          <comment></comment>
        </reason>
      </policy_evaluated>
    </row>
    <identities>
      <header_from>staff.gamebattles.com</header_from>
    </identities>
    <auth_results>
      <dkim>
        <domain>staff.gamebattles.com</domain>
        <result>pass</result>
        <human_result></human_result>
      </dkim>
      <spf>
        <domain>staff.gamebattles.com</domain>
        <result>pass</result>
      </spf>
    </auth_results>
  </record>
  <record>
    <row>
      <source_ip>209.85.161.180</source_ip>
      <count>1</count>
      <policy_evaluated>
        <disposition>none</disposition>
        <reason>
          <type>forwarded</type>
          <comment></comment>
        </reason>
      </policy_evaluated>
    </row>
    <identities>
      <header_from>staff.gamebattles.com</header_from>
    </identities>
    <auth_results>
      <dkim>
        <domain>staff.gamebattles.com</domain>
        <result>pass</result>
        <human_result></human_result>
      </dkim>
      <spf>
        <domain>staff.gamebattles.com</domain>
        <result>pass</result>
      </spf>
    </auth_results>
  </record>
</feedback>
