<feedback>
  <report_metadata>
    <org_name>126.com</org_name>
    <email>abuse@126.com</email>
    <report_id>&lt;aggr_report_staff.gamebattles.com_20120609_126.com&gt;</report_id>
    <date_range>
      <begin>1339171200.0</begin>
      <end>1339257599.0</end>
    </date_range>
  </report_metadata>
  <policy_published>
    <domain>staff.gamebattles.com</domain>
    <adkim>r</adkim>
    <aspf>r</aspf>
    <p>none</p>
    <sp>none</sp>
    <pct>100</pct>
  </policy_published>
  <record>
    <row>
      <source_ip>173.0.84.225</source_ip>
      <count>1</count>
      <policy_evaluated>
        <disposition>none</disposition>
        <dkim>fail</dkim>
        <spf>fail</spf>
      </policy_evaluated>
    </row>
    <identifiers>
      <header_from>staff.gamebattles.com</header_from>
    </identifiers>
    <auth_results>
      <dkim>
        <domain>paypal.com</domain>
        <result>pass</result>
        <human_result>verify result: all signatures verified</human_result>
      </dkim>
      <spf>
        <domain>paypal.com</domain>
        <result>pass</result>
      </spf>
    </auth_results>
  </record>
</feedback>