<?xml version="1.0" encoding="UTF-8" ?>
<feedback>
  <report_metadata>
    <org_name>google.com</org_name>
    <email>noreply-dmarc-support@google.com</email>
    <extra_contact_info>http://support.google.com/a/bin/answer.py?answer=2466580</extra_contact_info>
    <report_id>6439284835124728128</report_id>
    <date_range>
      <begin>1339027200</begin>
      <end>1339113599</end>
    </date_range>
  </report_metadata>
  <policy_published>
    <domain>gamebattles.com</domain>
    <adkim>r</adkim>
    <aspf>r</aspf>
    <p>none</p>
    <pct>100</pct>
  </policy_published>
  <record>
    <row>
      <source_ip>121.54.63.82</source_ip>
      <count>1</count>
      <policy_evaluated>
        <disposition>none</disposition>
      </policy_evaluated>
    </row>
    <identities>
      <header_from>staff.gamebattles.com</header_from>
    </identities>
    <auth_results>
      <dkim>
        <domain></domain>
        <result>none</result>
        <human_result></human_result>
      </dkim>
      <spf>
        <domain>staff.gamebattles.com</domain>
        <result>neutral</result>
      </spf>
    </auth_results>
  </record>
  <record>
    <row>
      <source_ip>174.143.44.253</source_ip>
      <count>376</count>
      <policy_evaluated>
        <disposition>none</disposition>
      </policy_evaluated>
    </row>
    <identities>
      <header_from>gamebattles.com</header_from>
    </identities>
    <auth_results>
      <dkim>
        <domain>gamebattles.com</domain>
        <result>pass</result>
        <human_result></human_result>
      </dkim>
      <spf>
        <domain>gamebattles.com</domain>
        <result>pass</result>
      </spf>
    </auth_results>
  </record>
  <record>
    <row>
      <source_ip>74.125.245.155</source_ip>
      <count>1</count>
      <policy_evaluated>
        <disposition>none</disposition>
      </policy_evaluated>
    </row>
    <identities>
      <header_from>gamebattles.com</header_from>
    </identities>
    <auth_results>
      <dkim>
        <domain>gamebattles.com</domain>
        <result>pass</result>
        <human_result></human_result>
      </dkim>
      <spf>
        <domain>gamebattles.com</domain>
        <result>temperror</result>
      </spf>
    </auth_results>
  </record>
  <record>
    <row>
      <source_ip>182.178.112.220</source_ip>
      <count>1</count>
      <policy_evaluated>
        <disposition>none</disposition>
      </policy_evaluated>
    </row>
    <identities>
      <header_from>staff.gamebattles.com</header_from>
    </identities>
    <auth_results>
      <dkim>
        <domain></domain>
        <result>none</result>
        <human_result></human_result>
      </dkim>
      <spf>
        <domain>staff.gamebattles.com</domain>
        <result>neutral</result>
      </spf>
    </auth_results>
  </record>
  <record>
    <row>
      <source_ip>65.54.61.87</source_ip>
      <count>1</count>
      <policy_evaluated>
        <disposition>none</disposition>
        <reason>
          <type>forwarded</type>
          <comment></comment>
        </reason>
      </policy_evaluated>
    </row>
    <identities>
      <header_from>gamebattles.com</header_from>
    </identities>
    <auth_results>
      <dkim>
        <domain>gamebattles.com</domain>
        <result>pass</result>
        <human_result></human_result>
      </dkim>
      <spf>
        <domain>hotmail.co.uk</domain>
        <result>pass</result>
      </spf>
    </auth_results>
  </record>
  <record>
    <row>
      <source_ip>65.55.90.16</source_ip>
      <count>1</count>
      <policy_evaluated>
        <disposition>none</disposition>
        <reason>
          <type>forwarded</type>
          <comment></comment>
        </reason>
      </policy_evaluated>
    </row>
    <identities>
      <header_from>gamebattles.com</header_from>
    </identities>
    <auth_results>
      <dkim>
        <domain>gamebattles.com</domain>
        <result>pass</result>
        <human_result></human_result>
      </dkim>
      <spf>
        <domain>hotmail.com</domain>
        <result>pass</result>
      </spf>
    </auth_results>
  </record>
  <record>
    <row>
      <source_ip>65.55.90.26</source_ip>
      <count>1</count>
      <policy_evaluated>
        <disposition>none</disposition>
        <reason>
          <type>forwarded</type>
          <comment></comment>
        </reason>
      </policy_evaluated>
    </row>
    <identities>
      <header_from>gamebattles.com</header_from>
    </identities>
    <auth_results>
      <dkim>
        <domain>gamebattles.com</domain>
        <result>pass</result>
        <human_result></human_result>
      </dkim>
      <spf>
        <domain>hotmail.com</domain>
        <result>pass</result>
      </spf>
    </auth_results>
  </record>
  <record>
    <row>
      <source_ip>65.55.116.43</source_ip>
      <count>1</count>
      <policy_evaluated>
        <disposition>none</disposition>
        <reason>
          <type>forwarded</type>
          <comment></comment>
        </reason>
      </policy_evaluated>
    </row>
    <identities>
      <header_from>gamebattles.com</header_from>
    </identities>
    <auth_results>
      <dkim>
        <domain>gamebattles.com</domain>
        <result>pass</result>
        <human_result></human_result>
      </dkim>
      <spf>
        <domain>hotmail.com</domain>
        <result>pass</result>
      </spf>
    </auth_results>
  </record>
  <record>
    <row>
      <source_ip>209.85.213.173</source_ip>
      <count>1</count>
      <policy_evaluated>
        <disposition>none</disposition>
        <reason>
          <type>forwarded</type>
          <comment></comment>
        </reason>
      </policy_evaluated>
    </row>
    <identities>
      <header_from>gamebattles.com</header_from>
    </identities>
    <auth_results>
      <dkim>
        <domain>gamebattles.com</domain>
        <result>pass</result>
        <human_result></human_result>
      </dkim>
      <spf>
        <domain>umail.iu.edu</domain>
        <result>neutral</result>
      </spf>
    </auth_results>
  </record>
  <record>
    <row>
      <source_ip>209.85.216.199</source_ip>
      <count>1</count>
      <policy_evaluated>
        <disposition>none</disposition>
        <reason>
          <type>forwarded</type>
          <comment></comment>
        </reason>
        <reason>
          <type>trusted_forwarder</type>
          <comment></comment>
        </reason>
        <reason>
          <type>mailing_list</type>
          <comment></comment>
        </reason>
      </policy_evaluated>
    </row>
    <identities>
      <header_from>gamebattles.com</header_from>
    </identities>
    <auth_results>
      <dkim>
        <domain>staff.gamebattles.com</domain>
        <result>pass</result>
        <human_result></human_result>
      </dkim>
      <dkim>
        <domain></domain>
        <result>none</result>
        <human_result></human_result>
      </dkim>
      <spf>
        <domain>staff.gamebattles.com</domain>
        <result>pass</result>
      </spf>
      <spf>
        <domain>gamebattles.com</domain>
        <result>pass</result>
      </spf>
    </auth_results>
  </record>
  <record>
    <row>
      <source_ip>74.125.83.52</source_ip>
      <count>1</count>
      <policy_evaluated>
        <disposition>none</disposition>
      </policy_evaluated>
    </row>
    <identities>
      <header_from>staff.gamebattles.com</header_from>
    </identities>
    <auth_results>
      <dkim>
        <domain></domain>
        <result>none</result>
        <human_result></human_result>
      </dkim>
      <spf>
        <domain>staff.gamebattles.com</domain>
        <result>neutral</result>
      </spf>
    </auth_results>
  </record>
  <record>
    <row>
      <source_ip>74.125.245.167</source_ip>
      <count>1</count>
      <policy_evaluated>
        <disposition>none</disposition>
      </policy_evaluated>
    </row>
    <identities>
      <header_from>gamebattles.com</header_from>
    </identities>
    <auth_results>
      <dkim>
        <domain>gamebattles.com</domain>
        <result>pass</result>
        <human_result></human_result>
      </dkim>
      <spf>
        <domain>gamebattles.com</domain>
        <result>temperror</result>
      </spf>
    </auth_results>
  </record>
  <record>
    <row>
      <source_ip>65.55.34.18</source_ip>
      <count>1</count>
      <policy_evaluated>
        <disposition>none</disposition>
        <reason>
          <type>forwarded</type>
          <comment></comment>
        </reason>
      </policy_evaluated>
    </row>
    <identities>
      <header_from>gamebattles.com</header_from>
    </identities>
    <auth_results>
      <dkim>
        <domain>gamebattles.com</domain>
        <result>pass</result>
        <human_result></human_result>
      </dkim>
      <spf>
        <domain>hotmail.com</domain>
        <result>pass</result>
      </spf>
    </auth_results>
  </record>
  <record>
    <row>
      <source_ip>65.55.34.19</source_ip>
      <count>1</count>
      <policy_evaluated>
        <disposition>none</disposition>
        <reason>
          <type>forwarded</type>
          <comment></comment>
        </reason>
      </policy_evaluated>
    </row>
    <identities>
      <header_from>gamebattles.com</header_from>
    </identities>
    <auth_results>
      <dkim>
        <domain>gamebattles.com</domain>
        <result>pass</result>
        <human_result></human_result>
      </dkim>
      <spf>
        <domain>hotmail.com</domain>
        <result>pass</result>
      </spf>
    </auth_results>
  </record>
  <record>
    <row>
      <source_ip>65.55.88.13</source_ip>
      <count>1</count>
      <policy_evaluated>
        <disposition>none</disposition>
        <reason>
          <type>forwarded</type>
          <comment></comment>
        </reason>
      </policy_evaluated>
    </row>
    <identities>
      <header_from>gamebattles.com</header_from>
    </identities>
    <auth_results>
      <dkim>
        <domain>gamebattles.com</domain>
        <result>fail</result>
        <human_result></human_result>
      </dkim>
      <spf>
        <domain>mymail.nku.edu</domain>
        <result>pass</result>
      </spf>
    </auth_results>
  </record>
  <record>
    <row>
      <source_ip>65.55.90.43</source_ip>
      <count>1</count>
      <policy_evaluated>
        <disposition>none</disposition>
        <reason>
          <type>forwarded</type>
          <comment></comment>
        </reason>
      </policy_evaluated>
    </row>
    <identities>
      <header_from>gamebattles.com</header_from>
    </identities>
    <auth_results>
      <dkim>
        <domain>gamebattles.com</domain>
        <result>pass</result>
        <human_result></human_result>
      </dkim>
      <spf>
        <domain>hotmail.com</domain>
        <result>pass</result>
      </spf>
    </auth_results>
  </record>
  <record>
    <row>
      <source_ip>65.55.116.37</source_ip>
      <count>1</count>
      <policy_evaluated>
        <disposition>none</disposition>
        <reason>
          <type>forwarded</type>
          <comment></comment>
        </reason>
      </policy_evaluated>
    </row>
    <identities>
      <header_from>gamebattles.com</header_from>
    </identities>
    <auth_results>
      <dkim>
        <domain>gamebattles.com</domain>
        <result>pass</result>
        <human_result></human_result>
      </dkim>
      <spf>
        <domain>hotmail.com</domain>
        <result>pass</result>
      </spf>
    </auth_results>
  </record>
  <record>
    <row>
      <source_ip>209.85.215.47</source_ip>
      <count>1</count>
      <policy_evaluated>
        <disposition>none</disposition>
        <reason>
          <type>forwarded</type>
          <comment></comment>
        </reason>
      </policy_evaluated>
    </row>
    <identities>
      <header_from>gamebattles.com</header_from>
    </identities>
    <auth_results>
      <dkim>
        <domain>gamebattles.com</domain>
        <result>fail</result>
        <human_result></human_result>
      </dkim>
      <spf>
        <domain>pace.edu</domain>
        <result>softfail</result>
      </spf>
    </auth_results>
  </record>
  <record>
    <row>
      <source_ip>198.82.162.213</source_ip>
      <count>1</count>
      <policy_evaluated>
        <disposition>none</disposition>
        <reason>
          <type>forwarded</type>
          <comment></comment>
        </reason>
      </policy_evaluated>
    </row>
    <identities>
      <header_from>gamebattles.com</header_from>
    </identities>
    <auth_results>
      <dkim>
        <domain>gamebattles.com</domain>
        <result>fail</result>
        <human_result></human_result>
      </dkim>
      <spf>
        <domain>gamebattles.com</domain>
        <result>softfail</result>
      </spf>
    </auth_results>
  </record>
  <record>
    <row>
      <source_ip>118.97.95.159</source_ip>
      <count>1</count>
      <policy_evaluated>
        <disposition>none</disposition>
      </policy_evaluated>
    </row>
    <identities>
      <header_from>staff.gamebattles.com</header_from>
    </identities>
    <auth_results>
      <dkim>
        <domain></domain>
        <result>none</result>
        <human_result></human_result>
      </dkim>
      <spf>
        <domain>staff.gamebattles.com</domain>
        <result>neutral</result>
      </spf>
    </auth_results>
  </record>
  <record>
    <row>
      <source_ip>65.55.116.24</source_ip>
      <count>1</count>
      <policy_evaluated>
        <disposition>none</disposition>
        <reason>
          <type>forwarded</type>
          <comment></comment>
        </reason>
      </policy_evaluated>
    </row>
    <identities>
      <header_from>gamebattles.com</header_from>
    </identities>
    <auth_results>
      <dkim>
        <domain>gamebattles.com</domain>
        <result>pass</result>
        <human_result></human_result>
      </dkim>
      <spf>
        <domain>hotmail.com</domain>
        <result>pass</result>
      </spf>
    </auth_results>
  </record>
  <record>
    <row>
      <source_ip>152.10.1.181</source_ip>
      <count>1</count>
      <policy_evaluated>
        <disposition>none</disposition>
      </policy_evaluated>
    </row>
    <identities>
      <header_from>gamebattles.com</header_from>
    </identities>
    <auth_results>
      <dkim>
        <domain>gamebattles.com</domain>
        <result>fail</result>
        <human_result></human_result>
      </dkim>
      <spf>
        <domain>gamebattles.com</domain>
        <result>softfail</result>
      </spf>
    </auth_results>
  </record>
  <record>
    <row>
      <source_ip>213.199.154.143</source_ip>
      <count>1</count>
      <policy_evaluated>
        <disposition>none</disposition>
        <reason>
          <type>forwarded</type>
          <comment></comment>
        </reason>
      </policy_evaluated>
    </row>
    <identities>
      <header_from>gamebattles.com</header_from>
    </identities>
    <auth_results>
      <dkim>
        <domain>gamebattles.com</domain>
        <result>fail</result>
        <human_result></human_result>
      </dkim>
      <spf>
        <domain>mymail.nku.edu</domain>
        <result>pass</result>
      </spf>
    </auth_results>
  </record>
  <record>
    <row>
      <source_ip>209.85.220.198</source_ip>
      <count>4</count>
      <policy_evaluated>
        <disposition>none</disposition>
        <reason>
          <type>forwarded</type>
          <comment></comment>
        </reason>
        <reason>
          <type>mailing_list</type>
          <comment></comment>
        </reason>
      </policy_evaluated>
    </row>
    <identities>
      <header_from>staff.gamebattles.com</header_from>
    </identities>
    <auth_results>
      <dkim>
        <domain></domain>
        <result>none</result>
        <human_result></human_result>
      </dkim>
      <spf>
        <domain>staff.gamebattles.com</domain>
        <result>neutral</result>
      </spf>
    </auth_results>
  </record>
  <record>
    <row>
      <source_ip>129.68.65.8</source_ip>
      <count>2</count>
      <policy_evaluated>
        <disposition>none</disposition>
        <reason>
          <type>forwarded</type>
          <comment></comment>
        </reason>
      </policy_evaluated>
    </row>
    <identities>
      <header_from>gamebattles.com</header_from>
    </identities>
    <auth_results>
      <dkim>
        <domain>gamebattles.com</domain>
        <result>pass</result>
        <human_result></human_result>
      </dkim>
      <spf>
        <domain>gmail.com</domain>
        <result>neutral</result>
      </spf>
    </auth_results>
  </record>
  <record>
    <row>
      <source_ip>65.55.34.11</source_ip>
      <count>1</count>
      <policy_evaluated>
        <disposition>none</disposition>
        <reason>
          <type>forwarded</type>
          <comment></comment>
        </reason>
      </policy_evaluated>
    </row>
    <identities>
      <header_from>gamebattles.com</header_from>
    </identities>
    <auth_results>
      <dkim>
        <domain>gamebattles.com</domain>
        <result>pass</result>
        <human_result></human_result>
      </dkim>
      <spf>
        <domain>hotmail.com</domain>
        <result>pass</result>
      </spf>
    </auth_results>
  </record>
  <record>
    <row>
      <source_ip>65.55.34.22</source_ip>
      <count>1</count>
      <policy_evaluated>
        <disposition>none</disposition>
        <reason>
          <type>forwarded</type>
          <comment></comment>
        </reason>
      </policy_evaluated>
    </row>
    <identities>
      <header_from>gamebattles.com</header_from>
    </identities>
    <auth_results>
      <dkim>
        <domain>gamebattles.com</domain>
        <result>pass</result>
        <human_result></human_result>
      </dkim>
      <spf>
        <domain>hotmail.com</domain>
        <result>pass</result>
      </spf>
    </auth_results>
  </record>
  <record>
    <row>
      <source_ip>174.143.44.253</source_ip>
      <count>5</count>
      <policy_evaluated>
        <disposition>none</disposition>
        <reason>
          <type>forwarded</type>
          <comment></comment>
        </reason>
      </policy_evaluated>
    </row>
    <identities>
      <header_from>gamebattles.com</header_from>
    </identities>
    <auth_results>
      <dkim>
        <domain>gamebattles.com</domain>
        <result>pass</result>
        <human_result></human_result>
      </dkim>
      <spf>
        <domain>gamebattles.com</domain>
        <result>pass</result>
      </spf>
    </auth_results>
  </record>
  <record>
    <row>
      <source_ip>171.252.34.14</source_ip>
      <count>1</count>
      <policy_evaluated>
        <disposition>none</disposition>
      </policy_evaluated>
    </row>
    <identities>
      <header_from>staff.gamebattles.com</header_from>
    </identities>
    <auth_results>
      <dkim>
        <domain></domain>
        <result>none</result>
        <human_result></human_result>
      </dkim>
      <spf>
        <domain>staff.gamebattles.com</domain>
        <result>neutral</result>
      </spf>
    </auth_results>
  </record>
  <record>
    <row>
      <source_ip>174.143.44.253</source_ip>
      <count>2</count>
      <policy_evaluated>
        <disposition>none</disposition>
      </policy_evaluated>
    </row>
    <identities>
      <header_from>gamebattles.com</header_from>
    </identities>
    <auth_results>
      <dkim>
        <domain>gamebattles.com</domain>
        <result>fail</result>
        <human_result></human_result>
      </dkim>
      <spf>
        <domain>gamebattles.com</domain>
        <result>pass</result>
      </spf>
    </auth_results>
  </record>
  <record>
    <row>
      <source_ip>74.125.245.139</source_ip>
      <count>1</count>
      <policy_evaluated>
        <disposition>none</disposition>
      </policy_evaluated>
    </row>
    <identities>
      <header_from>gamebattles.com</header_from>
    </identities>
    <auth_results>
      <dkim>
        <domain>gamebattles.com</domain>
        <result>pass</result>
        <human_result></human_result>
      </dkim>
      <spf>
        <domain>gamebattles.com</domain>
        <result>temperror</result>
      </spf>
    </auth_results>
  </record>
  <record>
    <row>
      <source_ip>65.54.61.85</source_ip>
      <count>1</count>
      <policy_evaluated>
        <disposition>none</disposition>
        <reason>
          <type>forwarded</type>
          <comment></comment>
        </reason>
      </policy_evaluated>
    </row>
    <identities>
      <header_from>gamebattles.com</header_from>
    </identities>
    <auth_results>
      <dkim>
        <domain>gamebattles.com</domain>
        <result>pass</result>
        <human_result></human_result>
      </dkim>
      <spf>
        <domain>hotmail.co.uk</domain>
        <result>pass</result>
      </spf>
    </auth_results>
  </record>
  <record>
    <row>
      <source_ip>65.55.34.18</source_ip>
      <count>1</count>
      <policy_evaluated>
        <disposition>none</disposition>
        <reason>
          <type>forwarded</type>
          <comment></comment>
        </reason>
      </policy_evaluated>
    </row>
    <identities>
      <header_from>gamebattles.com</header_from>
    </identities>
    <auth_results>
      <dkim>
        <domain>gamebattles.com</domain>
        <result>pass</result>
        <human_result></human_result>
      </dkim>
      <spf>
        <domain>hotmail.co.uk</domain>
        <result>pass</result>
      </spf>
    </auth_results>
  </record>
  <record>
    <row>
      <source_ip>65.55.90.45</source_ip>
      <count>1</count>
      <policy_evaluated>
        <disposition>none</disposition>
        <reason>
          <type>forwarded</type>
          <comment></comment>
        </reason>
      </policy_evaluated>
    </row>
    <identities>
      <header_from>gamebattles.com</header_from>
    </identities>
    <auth_results>
      <dkim>
        <domain>gamebattles.com</domain>
        <result>pass</result>
        <human_result></human_result>
      </dkim>
      <spf>
        <domain>hotmail.com</domain>
        <result>pass</result>
      </spf>
    </auth_results>
  </record>
  <record>
    <row>
      <source_ip>147.226.7.53</source_ip>
      <count>1</count>
      <policy_evaluated>
        <disposition>none</disposition>
        <reason>
          <type>forwarded</type>
          <comment></comment>
        </reason>
      </policy_evaluated>
    </row>
    <identities>
      <header_from>gamebattles.com</header_from>
    </identities>
    <auth_results>
      <dkim>
        <domain>gamebattles.com</domain>
        <result>fail</result>
        <human_result></human_result>
      </dkim>
      <spf>
        <domain>bsu.edu</domain>
        <result>pass</result>
      </spf>
    </auth_results>
  </record>
  <record>
    <row>
      <source_ip>94.136.40.61</source_ip>
      <count>3</count>
      <policy_evaluated>
        <disposition>none</disposition>
        <reason>
          <type>forwarded</type>
          <comment></comment>
        </reason>
      </policy_evaluated>
    </row>
    <identities>
      <header_from>gamebattles.com</header_from>
    </identities>
    <auth_results>
      <dkim>
        <domain>gamebattles.com</domain>
        <result>pass</result>
        <human_result></human_result>
      </dkim>
      <spf>
        <domain>gamebattles.com</domain>
        <result>softfail</result>
      </spf>
    </auth_results>
  </record>
  <record>
    <row>
      <source_ip>98.138.90.88</source_ip>
      <count>1</count>
      <policy_evaluated>
        <disposition>none</disposition>
        <reason>
          <type>forwarded</type>
          <comment></comment>
        </reason>
      </policy_evaluated>
    </row>
    <identities>
      <header_from>gamebattles.com</header_from>
    </identities>
    <auth_results>
      <dkim>
        <domain>gamebattles.com</domain>
        <result>pass</result>
        <human_result></human_result>
      </dkim>
      <spf>
        <domain>gamebattles.com</domain>
        <result>softfail</result>
      </spf>
    </auth_results>
  </record>
  <record>
    <row>
      <source_ip>209.85.215.53</source_ip>
      <count>1</count>
      <policy_evaluated>
        <disposition>none</disposition>
        <reason>
          <type>forwarded</type>
          <comment></comment>
        </reason>
      </policy_evaluated>
    </row>
    <identities>
      <header_from>gamebattles.com</header_from>
    </identities>
    <auth_results>
      <dkim>
        <domain>gamebattles.com</domain>
        <result>fail</result>
        <human_result></human_result>
      </dkim>
      <spf>
        <domain>pace.edu</domain>
        <result>softfail</result>
      </spf>
    </auth_results>
  </record>
  <record>
    <row>
      <source_ip>209.85.160.180</source_ip>
      <count>1</count>
      <policy_evaluated>
        <disposition>none</disposition>
        <reason>
          <type>forwarded</type>
          <comment></comment>
        </reason>
      </policy_evaluated>
    </row>
    <identities>
      <header_from>staff.gamebattles.com</header_from>
    </identities>
    <auth_results>
      <dkim>
        <domain></domain>
        <result>none</result>
        <human_result></human_result>
      </dkim>
      <spf>
        <domain>staff.gamebattles.com</domain>
        <result>neutral</result>
      </spf>
    </auth_results>
  </record>
  <record>
    <row>
      <source_ip>209.85.215.180</source_ip>
      <count>1</count>
      <policy_evaluated>
        <disposition>none</disposition>
      </policy_evaluated>
    </row>
    <identities>
      <header_from>staff.gamebattles.com</header_from>
    </identities>
    <auth_results>
      <dkim>
        <domain></domain>
        <result>none</result>
        <human_result></human_result>
      </dkim>
      <spf>
        <domain>staff.gamebattles.com</domain>
        <result>neutral</result>
      </spf>
    </auth_results>
  </record>
  <record>
    <row>
      <source_ip>65.55.34.21</source_ip>
      <count>1</count>
      <policy_evaluated>
        <disposition>none</disposition>
        <reason>
          <type>forwarded</type>
          <comment></comment>
        </reason>
      </policy_evaluated>
    </row>
    <identities>
      <header_from>gamebattles.com</header_from>
    </identities>
    <auth_results>
      <dkim>
        <domain>gamebattles.com</domain>
        <result>pass</result>
        <human_result></human_result>
      </dkim>
      <spf>
        <domain>hotmail.com</domain>
        <result>pass</result>
      </spf>
    </auth_results>
  </record>
  <record>
    <row>
      <source_ip>65.55.90.48</source_ip>
      <count>1</count>
      <policy_evaluated>
        <disposition>none</disposition>
        <reason>
          <type>forwarded</type>
          <comment></comment>
        </reason>
      </policy_evaluated>
    </row>
    <identities>
      <header_from>gamebattles.com</header_from>
    </identities>
    <auth_results>
      <dkim>
        <domain>gamebattles.com</domain>
        <result>pass</result>
        <human_result></human_result>
      </dkim>
      <spf>
        <domain>hotmail.com</domain>
        <result>pass</result>
      </spf>
    </auth_results>
  </record>
  <record>
    <row>
      <source_ip>91.184.19.33</source_ip>
      <count>1</count>
      <policy_evaluated>
        <disposition>none</disposition>
        <reason>
          <type>forwarded</type>
          <comment></comment>
        </reason>
      </policy_evaluated>
    </row>
    <identities>
      <header_from>gamebattles.com</header_from>
    </identities>
    <auth_results>
      <dkim>
        <domain>gamebattles.com</domain>
        <result>pass</result>
        <human_result></human_result>
      </dkim>
      <spf>
        <domain>gamebattles.com</domain>
        <result>softfail</result>
      </spf>
    </auth_results>
  </record>
  <record>
    <row>
      <source_ip>208.97.132.74</source_ip>
      <count>1</count>
      <policy_evaluated>
        <disposition>none</disposition>
        <reason>
          <type>forwarded</type>
          <comment></comment>
        </reason>
      </policy_evaluated>
    </row>
    <identities>
      <header_from>staff.gamebattles.com</header_from>
    </identities>
    <auth_results>
      <dkim>
        <domain></domain>
        <result>none</result>
        <human_result></human_result>
      </dkim>
      <spf>
        <domain>gaia-hosted.bounces.google.com</domain>
        <result>neutral</result>
      </spf>
    </auth_results>
  </record>
  <record>
    <row>
      <source_ip>209.85.215.52</source_ip>
      <count>1</count>
      <policy_evaluated>
        <disposition>none</disposition>
        <reason>
          <type>forwarded</type>
          <comment></comment>
        </reason>
      </policy_evaluated>
    </row>
    <identities>
      <header_from>gamebattles.com</header_from>
    </identities>
    <auth_results>
      <dkim>
        <domain>gamebattles.com</domain>
        <result>fail</result>
        <human_result></human_result>
      </dkim>
      <spf>
        <domain>pace.edu</domain>
        <result>softfail</result>
      </spf>
    </auth_results>
  </record>
  <record>
    <row>
      <source_ip>50.22.137.242</source_ip>
      <count>1</count>
      <policy_evaluated>
        <disposition>none</disposition>
        <reason>
          <type>forwarded</type>
          <comment></comment>
        </reason>
      </policy_evaluated>
    </row>
    <identities>
      <header_from>gamebattles.com</header_from>
    </identities>
    <auth_results>
      <dkim>
        <domain>gamebattles.com</domain>
        <result>pass</result>
        <human_result></human_result>
      </dkim>
      <spf>
        <domain>gamebattles.com</domain>
        <result>softfail</result>
      </spf>
    </auth_results>
  </record>
  <record>
    <row>
      <source_ip>209.85.217.177</source_ip>
      <count>1</count>
      <policy_evaluated>
        <disposition>none</disposition>
        <reason>
          <type>forwarded</type>
          <comment></comment>
        </reason>
      </policy_evaluated>
    </row>
    <identities>
      <header_from>gamebattles.com</header_from>
    </identities>
    <auth_results>
      <dkim>
        <domain>gamebattles.com</domain>
        <result>fail</result>
        <human_result></human_result>
      </dkim>
      <spf>
        <domain>pace.edu</domain>
        <result>softfail</result>
      </spf>
    </auth_results>
  </record>
  <record>
    <row>
      <source_ip>209.85.160.52</source_ip>
      <count>1</count>
      <policy_evaluated>
        <disposition>none</disposition>
      </policy_evaluated>
    </row>
    <identities>
      <header_from>staff.gamebattles.com</header_from>
    </identities>
    <auth_results>
      <dkim>
        <domain></domain>
        <result>none</result>
        <human_result></human_result>
      </dkim>
      <spf>
        <domain>staff.gamebattles.com</domain>
        <result>neutral</result>
      </spf>
    </auth_results>
  </record>
  <record>
    <row>
      <source_ip>65.55.90.21</source_ip>
      <count>1</count>
      <policy_evaluated>
        <disposition>none</disposition>
        <reason>
          <type>forwarded</type>
          <comment></comment>
        </reason>
      </policy_evaluated>
    </row>
    <identities>
      <header_from>gamebattles.com</header_from>
    </identities>
    <auth_results>
      <dkim>
        <domain>gamebattles.com</domain>
        <result>pass</result>
        <human_result></human_result>
      </dkim>
      <spf>
        <domain>hotmail.com</domain>
        <result>pass</result>
      </spf>
    </auth_results>
  </record>
  <record>
    <row>
      <source_ip>129.79.1.191</source_ip>
      <count>1</count>
      <policy_evaluated>
        <disposition>none</disposition>
        <reason>
          <type>forwarded</type>
          <comment></comment>
        </reason>
      </policy_evaluated>
    </row>
    <identities>
      <header_from>gamebattles.com</header_from>
    </identities>
    <auth_results>
      <dkim>
        <domain>gamebattles.com</domain>
        <result>pass</result>
        <human_result></human_result>
      </dkim>
      <spf>
        <domain>gamebattles.com</domain>
        <result>softfail</result>
      </spf>
    </auth_results>
  </record>
  <record>
    <row>
      <source_ip>65.55.116.38</source_ip>
      <count>1</count>
      <policy_evaluated>
        <disposition>none</disposition>
        <reason>
          <type>forwarded</type>
          <comment></comment>
        </reason>
      </policy_evaluated>
    </row>
    <identities>
      <header_from>gamebattles.com</header_from>
    </identities>
    <auth_results>
      <dkim>
        <domain>gamebattles.com</domain>
        <result>pass</result>
        <human_result></human_result>
      </dkim>
      <spf>
        <domain>hotmail.com</domain>
        <result>pass</result>
      </spf>
    </auth_results>
  </record>
  <record>
    <row>
      <source_ip>209.85.216.71</source_ip>
      <count>1</count>
      <policy_evaluated>
        <disposition>none</disposition>
        <reason>
          <type>forwarded</type>
          <comment></comment>
        </reason>
        <reason>
          <type>mailing_list</type>
          <comment></comment>
        </reason>
      </policy_evaluated>
    </row>
    <identities>
      <header_from>gamebattles.com</header_from>
    </identities>
    <auth_results>
      <dkim>
        <domain></domain>
        <result>none</result>
        <human_result></human_result>
      </dkim>
      <spf>
        <domain>staff.gamebattles.com</domain>
        <result>neutral</result>
      </spf>
    </auth_results>
  </record>
  <record>
    <row>
      <source_ip>190.226.45.66</source_ip>
      <count>1</count>
      <policy_evaluated>
        <disposition>none</disposition>
      </policy_evaluated>
    </row>
    <identities>
      <header_from>staff.gamebattles.com</header_from>
    </identities>
    <auth_results>
      <dkim>
        <domain></domain>
        <result>none</result>
        <human_result></human_result>
      </dkim>
      <spf>
        <domain>staff.gamebattles.com</domain>
        <result>neutral</result>
      </spf>
    </auth_results>
  </record>
  <record>
    <row>
      <source_ip>125.231.189.149</source_ip>
      <count>1</count>
      <policy_evaluated>
        <disposition>none</disposition>
      </policy_evaluated>
    </row>
    <identities>
      <header_from>gamebattles.com</header_from>
    </identities>
    <auth_results>
      <dkim>
        <domain></domain>
        <result>none</result>
        <human_result></human_result>
      </dkim>
      <spf>
        <domain>gamebattles.com</domain>
        <result>softfail</result>
      </spf>
    </auth_results>
  </record>
  <record>
    <row>
      <source_ip>129.219.117.210</source_ip>
      <count>1</count>
      <policy_evaluated>
        <disposition>none</disposition>
      </policy_evaluated>
    </row>
    <identities>
      <header_from>gamebattles.com</header_from>
    </identities>
    <auth_results>
      <dkim>
        <domain>gamebattles.com</domain>
        <result>pass</result>
        <human_result></human_result>
      </dkim>
      <spf>
        <domain>gamebattles.com</domain>
        <result>softfail</result>
      </spf>
    </auth_results>
  </record>
  <record>
    <row>
      <source_ip>130.18.2.143</source_ip>
      <count>2</count>
      <policy_evaluated>
        <disposition>none</disposition>
        <reason>
          <type>forwarded</type>
          <comment></comment>
        </reason>
      </policy_evaluated>
    </row>
    <identities>
      <header_from>gamebattles.com</header_from>
    </identities>
    <auth_results>
      <dkim>
        <domain>gamebattles.com</domain>
        <result>pass</result>
        <human_result></human_result>
      </dkim>
      <spf>
        <domain>gamebattles.com</domain>
        <result>softfail</result>
      </spf>
    </auth_results>
  </record>
  <record>
    <row>
      <source_ip>65.55.116.42</source_ip>
      <count>1</count>
      <policy_evaluated>
        <disposition>none</disposition>
        <reason>
          <type>forwarded</type>
          <comment></comment>
        </reason>
      </policy_evaluated>
    </row>
    <identities>
      <header_from>gamebattles.com</header_from>
    </identities>
    <auth_results>
      <dkim>
        <domain>gamebattles.com</domain>
        <result>pass</result>
        <human_result></human_result>
      </dkim>
      <spf>
        <domain>hotmail.com</domain>
        <result>pass</result>
      </spf>
    </auth_results>
  </record>
  <record>
    <row>
      <source_ip>209.85.160.181</source_ip>
      <count>1</count>
      <policy_evaluated>
        <disposition>none</disposition>
        <reason>
          <type>forwarded</type>
          <comment></comment>
        </reason>
      </policy_evaluated>
    </row>
    <identities>
      <header_from>gamebattles.com</header_from>
    </identities>
    <auth_results>
      <dkim>
        <domain>gamebattles.com</domain>
        <result>pass</result>
        <human_result></human_result>
      </dkim>
      <spf>
        <domain>agoragames.com</domain>
        <result>pass</result>
      </spf>
    </auth_results>
  </record>
  <record>
    <row>
      <source_ip>98.139.213.164</source_ip>
      <count>1</count>
      <policy_evaluated>
        <disposition>none</disposition>
        <reason>
          <type>forwarded</type>
          <comment></comment>
        </reason>
      </policy_evaluated>
    </row>
    <identities>
      <header_from>gamebattles.com</header_from>
    </identities>
    <auth_results>
      <dkim>
        <domain>gamebattles.com</domain>
        <result>pass</result>
        <human_result></human_result>
      </dkim>
      <spf>
        <domain>gamebattles.com</domain>
        <result>softfail</result>
      </spf>
    </auth_results>
  </record>
</feedback>
