<?xml version="1.0"?>	
<feedback>	
  <report_metadata>	
    <org_name>Yahoo! Inc.</org_name>	
    <email>postmaster@dmarc.yahoo.com</email>	
    <report_id>1339232906.607895</report_id>	
    <date_range>	
      <begin>1339113600</begin>	
      <end>1339199999 </end>	
    </date_range>	
  </report_metadata>	
  <policy_published>	
    <domain>gamebattles.com</domain>	
    <adkim>r</adkim>	
    <aspf>r</aspf>	
    <p>none</p>	
    <pct>100</pct>	
  </policy_published>	
  <record>	
    <row>	
      <source_ip>130.111.32.94</source_ip>	
      <count>2</count>	
      <policy_evaluated>	
        <disposition>none</disposition>	
        <dkim>pass</dkim>	
        <spf>fail</spf>	
      </policy_evaluated>	
    </row>	
    <identifiers>	
      <header_from>gamebattles.com</header_from>	
    </identifiers>	
    <auth_results>	
      <dkim>	
        <domain>gamebattles.com</domain>	
        <result>pass</result>	
      </dkim>	
      <spf>	
        <domain>gamebattles.com</domain>	
        <result>softfail</result>	
      </spf>	
    </auth_results>	
  </record>	
  <record>	
    <row>	
      <source_ip>134.29.1.12</source_ip>	
      <count>7</count>	
      <policy_evaluated>	
        <disposition>none</disposition>	
        <dkim>pass</dkim>	
        <spf>fail</spf>	
      </policy_evaluated>	
    </row>	
    <identifiers>	
      <header_from>gamebattles.com</header_from>	
    </identifiers>	
    <auth_results>	
      <dkim>	
        <domain>gamebattles.com</domain>	
        <result>pass</result>	
      </dkim>	
      <spf>	
        <domain>gamebattles.com</domain>	
        <result>softfail</result>	
      </spf>	
    </auth_results>	
  </record>	
  <record>	
    <row>	
      <source_ip>174.143.44.253</source_ip>	
      <count>271</count>	
      <policy_evaluated>	
        <disposition>none</disposition>	
        <dkim>fail</dkim>	
        <spf>pass</spf>	
      </policy_evaluated>	
    </row>	
    <identifiers>	
      <header_from>gamebattles.com</header_from>	
    </identifiers>	
    <auth_results>	
      <dkim>	
        <domain>gamebattles.com</domain>	
        <result>permerror</result>	
      </dkim>	
      <spf>	
        <domain>gamebattles.com</domain>	
        <result>pass</result>	
      </spf>	
    </auth_results>	
  </record>	
  <record>	
    <row>	
      <source_ip>174.143.44.253</source_ip>	
      <count>15655</count>	
      <policy_evaluated>	
        <disposition>none</disposition>	
        <dkim>pass</dkim>	
        <spf>pass</spf>	
      </policy_evaluated>	
    </row>	
    <identifiers>	
      <header_from>gamebattles.com</header_from>	
    </identifiers>	
    <auth_results>	
      <dkim>	
        <domain>gamebattles.com</domain>	
        <result>pass</result>	
      </dkim>	
      <spf>	
        <domain>gamebattles.com</domain>	
        <result>pass</result>	
      </spf>	
    </auth_results>	
  </record>	
  <record>	
    <row>	
      <source_ip>71.74.56.122</source_ip>	
      <count>1</count>	
      <policy_evaluated>	
        <disposition>none</disposition>	
        <dkim>pass</dkim>	
        <spf>fail</spf>	
      </policy_evaluated>	
    </row>	
    <identifiers>	
      <header_from>gamebattles.com</header_from>	
    </identifiers>	
    <auth_results>	
      <dkim>	
        <domain>gamebattles.com</domain>	
        <result>pass</result>	
      </dkim>	
      <spf>	
        <domain>gamebattles.com</domain>	
        <result>softfail</result>	
      </spf>	
    </auth_results>	
  </record>	
  <record>	
    <row>	
      <source_ip>71.74.56.23</source_ip>	
      <count>2</count>	
      <policy_evaluated>	
        <disposition>none</disposition>	
        <dkim>pass</dkim>	
        <spf>fail</spf>	
      </policy_evaluated>	
    </row>	
    <identifiers>	
      <header_from>gamebattles.com</header_from>	
    </identifiers>	
    <auth_results>	
      <dkim>	
        <domain>gamebattles.com</domain>	
        <result>pass</result>	
      </dkim>	
      <spf>	
        <domain>gamebattles.com</domain>	
        <result>softfail</result>	
      </spf>	
    </auth_results>	
  </record>	
</feedback>	
