<feedback>
  <report_metadata>
    <org_name>163.com</org_name>
    <email>abuse@163.com</email>
    <report_id>&lt;aggr_report_majorleaguegaming.com_20120607_163.com&gt;</report_id>
    <date_range>
      <begin>1338998400.0</begin>
      <end>1339084799.0</end>
    </date_range>
  </report_metadata>
  <policy_published>
    <domain>majorleaguegaming.com</domain>
    <adkim>r</adkim>
    <aspf>r</aspf>
    <p>none</p>
    <sp>none</sp>
    <pct>100</pct>
  </policy_published>
  <record>
    <row>
      <source_ip>174.143.44.253</source_ip>
      <count>1</count>
      <policy_evaluated>
        <disposition>none</disposition>
        <dkim>pass</dkim>
        <spf>fail</spf>
      </policy_evaluated>
    </row>
    <identifiers>
      <header_from>majorleaguegaming.com</header_from>
    </identifiers>
    <auth_results>
      <dkim>
        <domain>majorleaguegaming.com</domain>
        <result>pass</result>
        <human_result>verify result: all signatures verified</human_result>
      </dkim>
      <spf>
        <domain>majorleaguegaming.com</domain>
        <result>neutral</result>
      </spf>
    </auth_results>
  </record>
</feedback>