<?xml version="1.0"?>	
<feedback>	
  <report_metadata>	
    <org_name>Yahoo! Inc.</org_name>	
    <email>postmaster@dmarc.yahoo.com</email>	
    <report_id>1339147361.58815</report_id>	
    <date_range>	
      <begin>1339027200</begin>	
      <end>1339113599 </end>	
    </date_range>	
  </report_metadata>	
  <policy_published>	
    <domain>smashboards.com</domain>	
    <adkim>r</adkim>	
    <aspf>r</aspf>	
    <p>none</p>	
    <pct>100</pct>	
  </policy_published>	
  <record>	
    <row>	
      <source_ip>130.68.1.64</source_ip>	
      <count>1</count>	
      <policy_evaluated>	
        <disposition>none</disposition>	
        <dkim>fail</dkim>	
        <spf>fail</spf>	
      </policy_evaluated>	
    </row>	
    <identifiers>	
      <header_from>smashboards.com</header_from>	
    </identifiers>	
    <auth_results>	
      <dkim>	
        <domain>smashboards.com</domain>	
        <result>permerror</result>	
      </dkim>	
      <spf>	
        <domain>smashboards.com</domain>	
        <result>softfail</result>	
      </spf>	
    </auth_results>	
  </record>	
  <record>	
    <row>	
      <source_ip>174.143.44.253</source_ip>	
      <count>8</count>	
      <policy_evaluated>	
        <disposition>none</disposition>	
        <dkim>fail</dkim>	
        <spf>pass</spf>	
      </policy_evaluated>	
    </row>	
    <identifiers>	
      <header_from>smashboards.com</header_from>	
    </identifiers>	
    <auth_results>	
      <dkim>	
        <domain>smashboards.com</domain>	
        <result>permerror</result>	
      </dkim>	
      <spf>	
        <domain>smashboards.com</domain>	
        <result>pass</result>	
      </spf>	
    </auth_results>	
  </record>	
  <record>	
    <row>	
      <source_ip>174.143.44.253</source_ip>	
      <count>1360</count>	
      <policy_evaluated>	
        <disposition>none</disposition>	
        <dkim>pass</dkim>	
        <spf>pass</spf>	
      </policy_evaluated>	
    </row>	
    <identifiers>	
      <header_from>smashboards.com</header_from>	
    </identifiers>	
    <auth_results>	
      <dkim>	
        <domain>smashboards.com</domain>	
        <result>pass</result>	
      </dkim>	
      <spf>	
        <domain>smashboards.com</domain>	
        <result>pass</result>	
      </spf>	
    </auth_results>	
  </record>	
</feedback>	
