<?xml version="1.0" encoding="UTF-8" ?>
<feedback>
  <report_metadata>
    <org_name>google.com</org_name>
    <email>noreply-dmarc-support@google.com</email>
    <extra_contact_info>http://support.google.com/a/bin/answer.py?answer=2466580</extra_contact_info>
    <report_id>2368734063281183491</report_id>
    <date_range>
      <begin>1339027200</begin>
      <end>1339113599</end>
    </date_range>
  </report_metadata>
  <policy_published>
    <domain>majorleaguegaming.com</domain>
    <adkim>r</adkim>
    <aspf>r</aspf>
    <p>none</p>
    <pct>100</pct>
  </policy_published>
  <record>
    <row>
      <source_ip>74.125.83.53</source_ip>
      <count>3</count>
      <policy_evaluated>
        <disposition>none</disposition>
      </policy_evaluated>
    </row>
    <identities>
      <header_from>majorleaguegaming.com</header_from>
    </identities>
    <auth_results>
      <dkim>
        <domain>majorleaguegaming.com</domain>
        <result>pass</result>
        <human_result></human_result>
      </dkim>
      <spf>
        <domain>majorleaguegaming.com</domain>
        <result>pass</result>
      </spf>
    </auth_results>
  </record>
  <record>
    <row>
      <source_ip>209.85.160.69</source_ip>
      <count>1</count>
      <policy_evaluated>
        <disposition>none</disposition>
      </policy_evaluated>
    </row>
    <identities>
      <header_from>majorleaguegaming.com</header_from>
    </identities>
    <auth_results>
      <dkim>
        <domain>majorleaguegaming.com</domain>
        <result>pass</result>
        <human_result></human_result>
      </dkim>
      <spf>
        <domain>doclist.bounces.google.com</domain>
        <result>pass</result>
      </spf>
    </auth_results>
  </record>
  <record>
    <row>
      <source_ip>209.85.210.53</source_ip>
      <count>14</count>
      <policy_evaluated>
        <disposition>none</disposition>
      </policy_evaluated>
    </row>
    <identities>
      <header_from>majorleaguegaming.com</header_from>
    </identities>
    <auth_results>
      <dkim>
        <domain>majorleaguegaming.com</domain>
        <result>pass</result>
        <human_result></human_result>
      </dkim>
      <spf>
        <domain>majorleaguegaming.com</domain>
        <result>pass</result>
      </spf>
    </auth_results>
  </record>
  <record>
    <row>
      <source_ip>209.85.215.44</source_ip>
      <count>1</count>
      <policy_evaluated>
        <disposition>none</disposition>
      </policy_evaluated>
    </row>
    <identities>
      <header_from>majorleaguegaming.com</header_from>
    </identities>
    <auth_results>
      <dkim>
        <domain>majorleaguegaming.com</domain>
        <result>pass</result>
        <human_result></human_result>
      </dkim>
      <spf>
        <domain>majorleaguegaming.com</domain>
        <result>pass</result>
      </spf>
    </auth_results>
  </record>
  <record>
    <row>
      <source_ip>209.85.215.48</source_ip>
      <count>2</count>
      <policy_evaluated>
        <disposition>none</disposition>
      </policy_evaluated>
    </row>
    <identities>
      <header_from>majorleaguegaming.com</header_from>
    </identities>
    <auth_results>
      <dkim>
        <domain>majorleaguegaming.com</domain>
        <result>pass</result>
        <human_result></human_result>
      </dkim>
      <spf>
        <domain>majorleaguegaming.com</domain>
        <result>pass</result>
      </spf>
    </auth_results>
  </record>
  <record>
    <row>
      <source_ip>209.85.215.53</source_ip>
      <count>2</count>
      <policy_evaluated>
        <disposition>none</disposition>
      </policy_evaluated>
    </row>
    <identities>
      <header_from>majorleaguegaming.com</header_from>
    </identities>
    <auth_results>
      <dkim>
        <domain>gmail.com</domain>
        <result>pass</result>
        <human_result></human_result>
      </dkim>
      <spf>
        <domain>gmail.com</domain>
        <result>pass</result>
      </spf>
    </auth_results>
  </record>
  <record>
    <row>
      <source_ip>209.85.216.181</source_ip>
      <count>1</count>
      <policy_evaluated>
        <disposition>none</disposition>
      </policy_evaluated>
    </row>
    <identities>
      <header_from>majorleaguegaming.com</header_from>
    </identities>
    <auth_results>
      <dkim>
        <domain>majorleaguegaming.com</domain>
        <result>pass</result>
        <human_result></human_result>
      </dkim>
      <spf>
        <domain>majorleaguegaming.com</domain>
        <result>pass</result>
      </spf>
    </auth_results>
  </record>
  <record>
    <row>
      <source_ip>209.85.214.181</source_ip>
      <count>1</count>
      <policy_evaluated>
        <disposition>none</disposition>
        <reason>
          <type>forwarded</type>
          <comment></comment>
        </reason>
      </policy_evaluated>
    </row>
    <identities>
      <header_from>majorleaguegaming.com</header_from>
    </identities>
    <auth_results>
      <dkim>
        <domain>gmail.com</domain>
        <result>pass</result>
        <human_result></human_result>
      </dkim>
      <spf>
        <domain>agoragames.com</domain>
        <result>pass</result>
      </spf>
    </auth_results>
  </record>
  <record>
    <row>
      <source_ip>209.85.216.174</source_ip>
      <count>1</count>
      <policy_evaluated>
        <disposition>none</disposition>
        <reason>
          <type>forwarded</type>
          <comment></comment>
        </reason>
      </policy_evaluated>
    </row>
    <identities>
      <header_from>majorleaguegaming.com</header_from>
    </identities>
    <auth_results>
      <dkim>
        <domain>majorleaguegaming.com</domain>
        <result>pass</result>
        <human_result></human_result>
      </dkim>
      <spf>
        <domain>majorleaguegaming.com</domain>
        <result>pass</result>
      </spf>
    </auth_results>
  </record>
  <record>
    <row>
      <source_ip>209.85.216.178</source_ip>
      <count>1</count>
      <policy_evaluated>
        <disposition>none</disposition>
        <reason>
          <type>forwarded</type>
          <comment></comment>
        </reason>
      </policy_evaluated>
    </row>
    <identities>
      <header_from>majorleaguegaming.com</header_from>
    </identities>
    <auth_results>
      <dkim>
        <domain>majorleaguegaming.com</domain>
        <result>neutral</result>
        <human_result></human_result>
      </dkim>
      <spf>
        <domain>agoragames.com</domain>
        <result>pass</result>
      </spf>
    </auth_results>
  </record>
  <record>
    <row>
      <source_ip>212.227.126.187</source_ip>
      <count>1</count>
      <policy_evaluated>
        <disposition>none</disposition>
        <reason>
          <type>forwarded</type>
          <comment></comment>
        </reason>
      </policy_evaluated>
    </row>
    <identities>
      <header_from>majorleaguegaming.com</header_from>
    </identities>
    <auth_results>
      <dkim>
        <domain>majorleaguegaming.com</domain>
        <result>pass</result>
        <human_result></human_result>
      </dkim>
      <spf>
        <domain>srs.kundenserver.de</domain>
        <result>pass</result>
      </spf>
    </auth_results>
  </record>
  <record>
    <row>
      <source_ip>209.85.213.53</source_ip>
      <count>1</count>
      <policy_evaluated>
        <disposition>none</disposition>
        <reason>
          <type>forwarded</type>
          <comment></comment>
        </reason>
        <reason>
          <type>mailing_list</type>
          <comment></comment>
        </reason>
      </policy_evaluated>
    </row>
    <identities>
      <header_from>majorleaguegaming.com</header_from>
    </identities>
    <auth_results>
      <dkim>
        <domain></domain>
        <result>none</result>
        <human_result></human_result>
      </dkim>
      <spf>
        <domain>agoragames.com</domain>
        <result>pass</result>
      </spf>
    </auth_results>
  </record>
  <record>
    <row>
      <source_ip>209.85.216.181</source_ip>
      <count>1</count>
      <policy_evaluated>
        <disposition>none</disposition>
        <reason>
          <type>forwarded</type>
          <comment></comment>
        </reason>
        <reason>
          <type>mailing_list</type>
          <comment></comment>
        </reason>
      </policy_evaluated>
    </row>
    <identities>
      <header_from>majorleaguegaming.com</header_from>
    </identities>
    <auth_results>
      <dkim>
        <domain>majorleaguegaming.com</domain>
        <result>pass</result>
        <human_result></human_result>
      </dkim>
      <spf>
        <domain>majorleaguegaming.com</domain>
        <result>pass</result>
      </spf>
    </auth_results>
  </record>
  <record>
    <row>
      <source_ip>209.85.160.44</source_ip>
      <count>4</count>
      <policy_evaluated>
        <disposition>none</disposition>
      </policy_evaluated>
    </row>
    <identities>
      <header_from>majorleaguegaming.com</header_from>
    </identities>
    <auth_results>
      <dkim>
        <domain>majorleaguegaming.com</domain>
        <result>pass</result>
        <human_result></human_result>
      </dkim>
      <spf>
        <domain>majorleaguegaming.com</domain>
        <result>pass</result>
      </spf>
    </auth_results>
  </record>
  <record>
    <row>
      <source_ip>209.85.160.49</source_ip>
      <count>2</count>
      <policy_evaluated>
        <disposition>none</disposition>
      </policy_evaluated>
    </row>
    <identities>
      <header_from>majorleaguegaming.com</header_from>
    </identities>
    <auth_results>
      <dkim>
        <domain>majorleaguegaming.com</domain>
        <result>pass</result>
        <human_result></human_result>
      </dkim>
      <spf>
        <domain>majorleaguegaming.com</domain>
        <result>pass</result>
      </spf>
    </auth_results>
  </record>
  <record>
    <row>
      <source_ip>209.85.160.53</source_ip>
      <count>14</count>
      <policy_evaluated>
        <disposition>none</disposition>
      </policy_evaluated>
    </row>
    <identities>
      <header_from>majorleaguegaming.com</header_from>
    </identities>
    <auth_results>
      <dkim>
        <domain>majorleaguegaming.com</domain>
        <result>pass</result>
        <human_result></human_result>
      </dkim>
      <spf>
        <domain>majorleaguegaming.com</domain>
        <result>pass</result>
      </spf>
    </auth_results>
  </record>
  <record>
    <row>
      <source_ip>209.85.210.48</source_ip>
      <count>4</count>
      <policy_evaluated>
        <disposition>none</disposition>
      </policy_evaluated>
    </row>
    <identities>
      <header_from>majorleaguegaming.com</header_from>
    </identities>
    <auth_results>
      <dkim>
        <domain>majorleaguegaming.com</domain>
        <result>pass</result>
        <human_result></human_result>
      </dkim>
      <spf>
        <domain>majorleaguegaming.com</domain>
        <result>pass</result>
      </spf>
    </auth_results>
  </record>
  <record>
    <row>
      <source_ip>209.85.210.49</source_ip>
      <count>1</count>
      <policy_evaluated>
        <disposition>none</disposition>
      </policy_evaluated>
    </row>
    <identities>
      <header_from>majorleaguegaming.com</header_from>
    </identities>
    <auth_results>
      <dkim>
        <domain>majorleaguegaming.com</domain>
        <result>pass</result>
        <human_result></human_result>
      </dkim>
      <spf>
        <domain>majorleaguegaming.com</domain>
        <result>pass</result>
      </spf>
    </auth_results>
  </record>
  <record>
    <row>
      <source_ip>209.85.213.53</source_ip>
      <count>2</count>
      <policy_evaluated>
        <disposition>none</disposition>
      </policy_evaluated>
    </row>
    <identities>
      <header_from>majorleaguegaming.com</header_from>
    </identities>
    <auth_results>
      <dkim>
        <domain>majorleaguegaming.com</domain>
        <result>pass</result>
        <human_result></human_result>
      </dkim>
      <spf>
        <domain>majorleaguegaming.com</domain>
        <result>pass</result>
      </spf>
    </auth_results>
  </record>
  <record>
    <row>
      <source_ip>209.85.214.181</source_ip>
      <count>6</count>
      <policy_evaluated>
        <disposition>none</disposition>
      </policy_evaluated>
    </row>
    <identities>
      <header_from>majorleaguegaming.com</header_from>
    </identities>
    <auth_results>
      <dkim>
        <domain>majorleaguegaming.com</domain>
        <result>pass</result>
        <human_result></human_result>
      </dkim>
      <spf>
        <domain>majorleaguegaming.com</domain>
        <result>pass</result>
      </spf>
    </auth_results>
  </record>
  <record>
    <row>
      <source_ip>65.55.90.47</source_ip>
      <count>1</count>
      <policy_evaluated>
        <disposition>none</disposition>
        <reason>
          <type>forwarded</type>
          <comment></comment>
        </reason>
      </policy_evaluated>
    </row>
    <identities>
      <header_from>majorleaguegaming.com</header_from>
    </identities>
    <auth_results>
      <dkim>
        <domain>majorleaguegaming.com</domain>
        <result>pass</result>
        <human_result></human_result>
      </dkim>
      <spf>
        <domain>hotmail.co.uk</domain>
        <result>pass</result>
      </spf>
    </auth_results>
  </record>
  <record>
    <row>
      <source_ip>209.85.216.43</source_ip>
      <count>1</count>
      <policy_evaluated>
        <disposition>none</disposition>
        <reason>
          <type>forwarded</type>
          <comment></comment>
        </reason>
      </policy_evaluated>
    </row>
    <identities>
      <header_from>majorleaguegaming.com</header_from>
    </identities>
    <auth_results>
      <dkim>
        <domain>majorleaguegaming.com</domain>
        <result>pass</result>
        <human_result></human_result>
      </dkim>
      <spf>
        <domain>majorleaguegaming.com</domain>
        <result>pass</result>
      </spf>
    </auth_results>
  </record>
  <record>
    <row>
      <source_ip>209.85.216.176</source_ip>
      <count>1</count>
      <policy_evaluated>
        <disposition>none</disposition>
        <reason>
          <type>forwarded</type>
          <comment></comment>
        </reason>
      </policy_evaluated>
    </row>
    <identities>
      <header_from>majorleaguegaming.com</header_from>
    </identities>
    <auth_results>
      <dkim>
        <domain>majorleaguegaming.com</domain>
        <result>pass</result>
        <human_result></human_result>
      </dkim>
      <spf>
        <domain>majorleaguegaming.com</domain>
        <result>pass</result>
      </spf>
    </auth_results>
  </record>
  <record>
    <row>
      <source_ip>209.85.216.178</source_ip>
      <count>1</count>
      <policy_evaluated>
        <disposition>none</disposition>
        <reason>
          <type>forwarded</type>
          <comment></comment>
        </reason>
      </policy_evaluated>
    </row>
    <identities>
      <header_from>majorleaguegaming.com</header_from>
    </identities>
    <auth_results>
      <dkim>
        <domain>majorleaguegaming.com</domain>
        <result>pass</result>
        <human_result></human_result>
      </dkim>
      <spf>
        <domain>majorleaguegaming.com</domain>
        <result>pass</result>
      </spf>
    </auth_results>
  </record>
  <record>
    <row>
      <source_ip>206.225.164.223</source_ip>
      <count>2</count>
      <policy_evaluated>
        <disposition>none</disposition>
        <reason>
          <type>forwarded</type>
          <comment></comment>
        </reason>
      </policy_evaluated>
    </row>
    <identities>
      <header_from>majorleaguegaming.com</header_from>
    </identities>
    <auth_results>
      <dkim>
        <domain>majorleaguegaming.com</domain>
        <result>neutral</result>
        <human_result></human_result>
      </dkim>
      <spf>
        <domain>mlgpro.com</domain>
        <result>neutral</result>
      </spf>
    </auth_results>
  </record>
  <record>
    <row>
      <source_ip>134.53.6.75</source_ip>
      <count>1</count>
      <policy_evaluated>
        <disposition>none</disposition>
      </policy_evaluated>
    </row>
    <identities>
      <header_from>majorleaguegaming.com</header_from>
    </identities>
    <auth_results>
      <dkim>
        <domain>majorleaguegaming.com</domain>
        <result>pass</result>
        <human_result></human_result>
      </dkim>
      <spf>
        <domain>majorleaguegaming.com</domain>
        <result>softfail</result>
      </spf>
    </auth_results>
  </record>
  <record>
    <row>
      <source_ip>209.85.160.47</source_ip>
      <count>1</count>
      <policy_evaluated>
        <disposition>none</disposition>
      </policy_evaluated>
    </row>
    <identities>
      <header_from>majorleaguegaming.com</header_from>
    </identities>
    <auth_results>
      <dkim>
        <domain>majorleaguegaming.com</domain>
        <result>pass</result>
        <human_result></human_result>
      </dkim>
      <spf>
        <domain>majorleaguegaming.com</domain>
        <result>pass</result>
      </spf>
    </auth_results>
  </record>
  <record>
    <row>
      <source_ip>209.85.160.51</source_ip>
      <count>3</count>
      <policy_evaluated>
        <disposition>none</disposition>
      </policy_evaluated>
    </row>
    <identities>
      <header_from>majorleaguegaming.com</header_from>
    </identities>
    <auth_results>
      <dkim>
        <domain>majorleaguegaming.com</domain>
        <result>pass</result>
        <human_result></human_result>
      </dkim>
      <spf>
        <domain>majorleaguegaming.com</domain>
        <result>pass</result>
      </spf>
    </auth_results>
  </record>
  <record>
    <row>
      <source_ip>209.85.213.48</source_ip>
      <count>1</count>
      <policy_evaluated>
        <disposition>none</disposition>
      </policy_evaluated>
    </row>
    <identities>
      <header_from>majorleaguegaming.com</header_from>
    </identities>
    <auth_results>
      <dkim>
        <domain>majorleaguegaming.com</domain>
        <result>pass</result>
        <human_result></human_result>
      </dkim>
      <spf>
        <domain>majorleaguegaming.com</domain>
        <result>pass</result>
      </spf>
    </auth_results>
  </record>
  <record>
    <row>
      <source_ip>209.85.215.53</source_ip>
      <count>6</count>
      <policy_evaluated>
        <disposition>none</disposition>
      </policy_evaluated>
    </row>
    <identities>
      <header_from>majorleaguegaming.com</header_from>
    </identities>
    <auth_results>
      <dkim>
        <domain>majorleaguegaming.com</domain>
        <result>pass</result>
        <human_result></human_result>
      </dkim>
      <spf>
        <domain>majorleaguegaming.com</domain>
        <result>pass</result>
      </spf>
    </auth_results>
  </record>
  <record>
    <row>
      <source_ip>209.85.216.51</source_ip>
      <count>1</count>
      <policy_evaluated>
        <disposition>none</disposition>
        <reason>
          <type>forwarded</type>
          <comment></comment>
        </reason>
      </policy_evaluated>
    </row>
    <identities>
      <header_from>majorleaguegaming.com</header_from>
    </identities>
    <auth_results>
      <dkim>
        <domain>majorleaguegaming.com</domain>
        <result>pass</result>
        <human_result></human_result>
      </dkim>
      <spf>
        <domain>majorleaguegaming.com</domain>
        <result>pass</result>
      </spf>
    </auth_results>
  </record>
  <record>
    <row>
      <source_ip>209.85.216.175</source_ip>
      <count>1</count>
      <policy_evaluated>
        <disposition>none</disposition>
        <reason>
          <type>forwarded</type>
          <comment></comment>
        </reason>
      </policy_evaluated>
    </row>
    <identities>
      <header_from>majorleaguegaming.com</header_from>
    </identities>
    <auth_results>
      <dkim>
        <domain>majorleaguegaming.com</domain>
        <result>pass</result>
        <human_result></human_result>
      </dkim>
      <spf>
        <domain>majorleaguegaming.com</domain>
        <result>pass</result>
      </spf>
    </auth_results>
  </record>
  <record>
    <row>
      <source_ip>209.85.213.71</source_ip>
      <count>25</count>
      <policy_evaluated>
        <disposition>none</disposition>
        <reason>
          <type>trusted_forwarder</type>
          <comment></comment>
        </reason>
        <reason>
          <type>mailing_list</type>
          <comment></comment>
        </reason>
      </policy_evaluated>
    </row>
    <identities>
      <header_from>majorleaguegaming.com</header_from>
    </identities>
    <auth_results>
      <dkim>
        <domain>majorleaguegaming.com</domain>
        <result>pass</result>
        <human_result></human_result>
      </dkim>
      <dkim>
        <domain>majorleaguegaming.com</domain>
        <result>pass</result>
        <human_result></human_result>
      </dkim>
      <spf>
        <domain>majorleaguegaming.com</domain>
        <result>pass</result>
      </spf>
      <spf>
        <domain>majorleaguegaming.com</domain>
        <result>pass</result>
      </spf>
    </auth_results>
  </record>
  <record>
    <row>
      <source_ip>209.85.216.71</source_ip>
      <count>20</count>
      <policy_evaluated>
        <disposition>none</disposition>
        <reason>
          <type>trusted_forwarder</type>
          <comment></comment>
        </reason>
        <reason>
          <type>mailing_list</type>
          <comment></comment>
        </reason>
      </policy_evaluated>
    </row>
    <identities>
      <header_from>majorleaguegaming.com</header_from>
    </identities>
    <auth_results>
      <dkim>
        <domain>majorleaguegaming.com</domain>
        <result>pass</result>
        <human_result></human_result>
      </dkim>
      <dkim>
        <domain>majorleaguegaming.com</domain>
        <result>pass</result>
        <human_result></human_result>
      </dkim>
      <spf>
        <domain>majorleaguegaming.com</domain>
        <result>pass</result>
      </spf>
      <spf>
        <domain>majorleaguegaming.com</domain>
        <result>pass</result>
      </spf>
    </auth_results>
  </record>
  <record>
    <row>
      <source_ip>209.85.160.71</source_ip>
      <count>4</count>
      <policy_evaluated>
        <disposition>none</disposition>
      </policy_evaluated>
    </row>
    <identities>
      <header_from>majorleaguegaming.com</header_from>
    </identities>
    <auth_results>
      <dkim>
        <domain>majorleaguegaming.com</domain>
        <result>pass</result>
        <human_result></human_result>
      </dkim>
      <spf>
        <domain>doclist.bounces.google.com</domain>
        <result>pass</result>
      </spf>
    </auth_results>
  </record>
  <record>
    <row>
      <source_ip>209.85.210.69</source_ip>
      <count>4</count>
      <policy_evaluated>
        <disposition>none</disposition>
      </policy_evaluated>
    </row>
    <identities>
      <header_from>majorleaguegaming.com</header_from>
    </identities>
    <auth_results>
      <dkim>
        <domain>majorleaguegaming.com</domain>
        <result>pass</result>
        <human_result></human_result>
      </dkim>
      <spf>
        <domain>doclist.bounces.google.com</domain>
        <result>pass</result>
      </spf>
    </auth_results>
  </record>
  <record>
    <row>
      <source_ip>209.85.210.72</source_ip>
      <count>1</count>
      <policy_evaluated>
        <disposition>none</disposition>
      </policy_evaluated>
    </row>
    <identities>
      <header_from>majorleaguegaming.com</header_from>
    </identities>
    <auth_results>
      <dkim>
        <domain>majorleaguegaming.com</domain>
        <result>pass</result>
        <human_result></human_result>
      </dkim>
      <spf>
        <domain>doclist.bounces.google.com</domain>
        <result>pass</result>
      </spf>
    </auth_results>
  </record>
  <record>
    <row>
      <source_ip>174.143.44.253</source_ip>
      <count>6</count>
      <policy_evaluated>
        <disposition>none</disposition>
      </policy_evaluated>
    </row>
    <identities>
      <header_from>majorleaguegaming.com</header_from>
    </identities>
    <auth_results>
      <dkim>
        <domain>majorleaguegaming.com</domain>
        <result>neutral</result>
        <human_result></human_result>
      </dkim>
      <spf>
        <domain>majorleaguegaming.com</domain>
        <result>pass</result>
      </spf>
    </auth_results>
  </record>
  <record>
    <row>
      <source_ip>209.85.214.176</source_ip>
      <count>2</count>
      <policy_evaluated>
        <disposition>none</disposition>
      </policy_evaluated>
    </row>
    <identities>
      <header_from>majorleaguegaming.com</header_from>
    </identities>
    <auth_results>
      <dkim>
        <domain>majorleaguegaming.com</domain>
        <result>pass</result>
        <human_result></human_result>
      </dkim>
      <spf>
        <domain>majorleaguegaming.com</domain>
        <result>pass</result>
      </spf>
    </auth_results>
  </record>
  <record>
    <row>
      <source_ip>65.55.34.19</source_ip>
      <count>1</count>
      <policy_evaluated>
        <disposition>none</disposition>
        <reason>
          <type>forwarded</type>
          <comment></comment>
        </reason>
      </policy_evaluated>
    </row>
    <identities>
      <header_from>majorleaguegaming.com</header_from>
    </identities>
    <auth_results>
      <dkim>
        <domain>majorleaguegaming.com</domain>
        <result>pass</result>
        <human_result></human_result>
      </dkim>
      <spf>
        <domain>hotmail.co.uk</domain>
        <result>pass</result>
      </spf>
    </auth_results>
  </record>
  <record>
    <row>
      <source_ip>209.85.216.48</source_ip>
      <count>1</count>
      <policy_evaluated>
        <disposition>none</disposition>
        <reason>
          <type>forwarded</type>
          <comment></comment>
        </reason>
      </policy_evaluated>
    </row>
    <identities>
      <header_from>majorleaguegaming.com</header_from>
    </identities>
    <auth_results>
      <dkim>
        <domain>majorleaguegaming.com</domain>
        <result>pass</result>
        <human_result></human_result>
      </dkim>
      <spf>
        <domain>majorleaguegaming.com</domain>
        <result>pass</result>
      </spf>
    </auth_results>
  </record>
  <record>
    <row>
      <source_ip>209.85.216.181</source_ip>
      <count>1</count>
      <policy_evaluated>
        <disposition>none</disposition>
        <reason>
          <type>forwarded</type>
          <comment></comment>
        </reason>
      </policy_evaluated>
    </row>
    <identities>
      <header_from>majorleaguegaming.com</header_from>
    </identities>
    <auth_results>
      <dkim>
        <domain>majorleaguegaming.com</domain>
        <result>pass</result>
        <human_result></human_result>
      </dkim>
      <spf>
        <domain>majorleaguegaming.com</domain>
        <result>pass</result>
      </spf>
    </auth_results>
  </record>
  <record>
    <row>
      <source_ip>209.85.216.182</source_ip>
      <count>2</count>
      <policy_evaluated>
        <disposition>none</disposition>
        <reason>
          <type>forwarded</type>
          <comment></comment>
        </reason>
      </policy_evaluated>
    </row>
    <identities>
      <header_from>majorleaguegaming.com</header_from>
    </identities>
    <auth_results>
      <dkim>
        <domain>majorleaguegaming.com</domain>
        <result>pass</result>
        <human_result></human_result>
      </dkim>
      <spf>
        <domain>majorleaguegaming.com</domain>
        <result>pass</result>
      </spf>
    </auth_results>
  </record>
  <record>
    <row>
      <source_ip>209.85.216.41</source_ip>
      <count>1</count>
      <policy_evaluated>
        <disposition>none</disposition>
        <reason>
          <type>forwarded</type>
          <comment></comment>
        </reason>
        <reason>
          <type>mailing_list</type>
          <comment></comment>
        </reason>
      </policy_evaluated>
    </row>
    <identities>
      <header_from>majorleaguegaming.com</header_from>
    </identities>
    <auth_results>
      <dkim>
        <domain>majorleaguegaming.com</domain>
        <result>pass</result>
        <human_result></human_result>
      </dkim>
      <spf>
        <domain>majorleaguegaming.com</domain>
        <result>pass</result>
      </spf>
    </auth_results>
  </record>
  <record>
    <row>
      <source_ip>209.85.213.181</source_ip>
      <count>1</count>
      <policy_evaluated>
        <disposition>none</disposition>
        <reason>
          <type>forwarded</type>
          <comment></comment>
        </reason>
        <reason>
          <type>mailing_list</type>
          <comment></comment>
        </reason>
      </policy_evaluated>
    </row>
    <identities>
      <header_from>majorleaguegaming.com</header_from>
    </identities>
    <auth_results>
      <dkim>
        <domain></domain>
        <result>none</result>
        <human_result></human_result>
      </dkim>
      <spf>
        <domain>agoragames.com</domain>
        <result>pass</result>
      </spf>
    </auth_results>
  </record>
  <record>
    <row>
      <source_ip>209.85.216.180</source_ip>
      <count>1</count>
      <policy_evaluated>
        <disposition>none</disposition>
        <reason>
          <type>forwarded</type>
          <comment></comment>
        </reason>
        <reason>
          <type>mailing_list</type>
          <comment></comment>
        </reason>
      </policy_evaluated>
    </row>
    <identities>
      <header_from>majorleaguegaming.com</header_from>
    </identities>
    <auth_results>
      <dkim>
        <domain>majorleaguegaming.com</domain>
        <result>pass</result>
        <human_result></human_result>
      </dkim>
      <spf>
        <domain>majorleaguegaming.com</domain>
        <result>pass</result>
      </spf>
    </auth_results>
  </record>
  <record>
    <row>
      <source_ip>209.85.217.199</source_ip>
      <count>4</count>
      <policy_evaluated>
        <disposition>none</disposition>
        <reason>
          <type>trusted_forwarder</type>
          <comment></comment>
        </reason>
        <reason>
          <type>mailing_list</type>
          <comment></comment>
        </reason>
      </policy_evaluated>
    </row>
    <identities>
      <header_from>majorleaguegaming.com</header_from>
    </identities>
    <auth_results>
      <dkim>
        <domain>gmail.com</domain>
        <result>pass</result>
        <human_result></human_result>
      </dkim>
      <dkim>
        <domain>gmail.com</domain>
        <result>pass</result>
        <human_result></human_result>
      </dkim>
      <spf>
        <domain>majorleaguegaming.com</domain>
        <result>pass</result>
      </spf>
      <spf>
        <domain>gmail.com</domain>
        <result>pass</result>
      </spf>
    </auth_results>
  </record>
  <record>
    <row>
      <source_ip>209.85.217.199</source_ip>
      <count>21</count>
      <policy_evaluated>
        <disposition>none</disposition>
        <reason>
          <type>trusted_forwarder</type>
          <comment></comment>
        </reason>
        <reason>
          <type>mailing_list</type>
          <comment></comment>
        </reason>
      </policy_evaluated>
    </row>
    <identities>
      <header_from>majorleaguegaming.com</header_from>
    </identities>
    <auth_results>
      <dkim>
        <domain>majorleaguegaming.com</domain>
        <result>pass</result>
        <human_result></human_result>
      </dkim>
      <dkim>
        <domain>majorleaguegaming.com</domain>
        <result>pass</result>
        <human_result></human_result>
      </dkim>
      <spf>
        <domain>majorleaguegaming.com</domain>
        <result>pass</result>
      </spf>
      <spf>
        <domain>majorleaguegaming.com</domain>
        <result>pass</result>
      </spf>
    </auth_results>
  </record>
  <record>
    <row>
      <source_ip>209.85.160.43</source_ip>
      <count>1</count>
      <policy_evaluated>
        <disposition>none</disposition>
      </policy_evaluated>
    </row>
    <identities>
      <header_from>majorleaguegaming.com</header_from>
    </identities>
    <auth_results>
      <dkim>
        <domain>majorleaguegaming.com</domain>
        <result>pass</result>
        <human_result></human_result>
      </dkim>
      <spf>
        <domain>majorleaguegaming.com</domain>
        <result>pass</result>
      </spf>
    </auth_results>
  </record>
  <record>
    <row>
      <source_ip>209.85.210.52</source_ip>
      <count>3</count>
      <policy_evaluated>
        <disposition>none</disposition>
      </policy_evaluated>
    </row>
    <identities>
      <header_from>majorleaguegaming.com</header_from>
    </identities>
    <auth_results>
      <dkim>
        <domain>majorleaguegaming.com</domain>
        <result>pass</result>
        <human_result></human_result>
      </dkim>
      <spf>
        <domain>majorleaguegaming.com</domain>
        <result>pass</result>
      </spf>
    </auth_results>
  </record>
  <record>
    <row>
      <source_ip>129.186.140.45</source_ip>
      <count>1</count>
      <policy_evaluated>
        <disposition>none</disposition>
      </policy_evaluated>
    </row>
    <identities>
      <header_from>majorleaguegaming.com</header_from>
    </identities>
    <auth_results>
      <dkim>
        <domain>majorleaguegaming.com</domain>
        <result>pass</result>
        <human_result></human_result>
      </dkim>
      <spf>
        <domain>majorleaguegaming.com</domain>
        <result>softfail</result>
      </spf>
    </auth_results>
  </record>
  <record>
    <row>
      <source_ip>209.85.161.181</source_ip>
      <count>1</count>
      <policy_evaluated>
        <disposition>none</disposition>
      </policy_evaluated>
    </row>
    <identities>
      <header_from>majorleaguegaming.com</header_from>
    </identities>
    <auth_results>
      <dkim>
        <domain>majorleaguegaming.com</domain>
        <result>pass</result>
        <human_result></human_result>
      </dkim>
      <spf>
        <domain>majorleaguegaming.com</domain>
        <result>pass</result>
      </spf>
    </auth_results>
  </record>
  <record>
    <row>
      <source_ip>74.125.83.53</source_ip>
      <count>2</count>
      <policy_evaluated>
        <disposition>none</disposition>
        <reason>
          <type>forwarded</type>
          <comment></comment>
        </reason>
      </policy_evaluated>
    </row>
    <identities>
      <header_from>majorleaguegaming.com</header_from>
    </identities>
    <auth_results>
      <dkim>
        <domain>majorleaguegaming.com</domain>
        <result>pass</result>
        <human_result></human_result>
      </dkim>
      <spf>
        <domain>agoragames.com</domain>
        <result>pass</result>
      </spf>
    </auth_results>
  </record>
  <record>
    <row>
      <source_ip>208.97.132.74</source_ip>
      <count>1</count>
      <policy_evaluated>
        <disposition>none</disposition>
        <reason>
          <type>forwarded</type>
          <comment></comment>
        </reason>
      </policy_evaluated>
    </row>
    <identities>
      <header_from>majorleaguegaming.com</header_from>
    </identities>
    <auth_results>
      <dkim>
        <domain>majorleaguegaming.com</domain>
        <result>pass</result>
        <human_result></human_result>
      </dkim>
      <spf>
        <domain>majorleaguegaming.com</domain>
        <result>softfail</result>
      </spf>
    </auth_results>
  </record>
  <record>
    <row>
      <source_ip>209.85.214.44</source_ip>
      <count>1</count>
      <policy_evaluated>
        <disposition>none</disposition>
        <reason>
          <type>forwarded</type>
          <comment></comment>
        </reason>
      </policy_evaluated>
    </row>
    <identities>
      <header_from>majorleaguegaming.com</header_from>
    </identities>
    <auth_results>
      <dkim>
        <domain>majorleaguegaming.com</domain>
        <result>pass</result>
        <human_result></human_result>
      </dkim>
      <spf>
        <domain>jay.washjeff.edu</domain>
        <result>pass</result>
      </spf>
    </auth_results>
  </record>
  <record>
    <row>
      <source_ip>128.196.130.204</source_ip>
      <count>1</count>
      <policy_evaluated>
        <disposition>none</disposition>
        <reason>
          <type>forwarded</type>
          <comment></comment>
        </reason>
      </policy_evaluated>
    </row>
    <identities>
      <header_from>majorleaguegaming.com</header_from>
    </identities>
    <auth_results>
      <dkim>
        <domain>majorleaguegaming.com</domain>
        <result>pass</result>
        <human_result></human_result>
      </dkim>
      <spf>
        <domain>doclist.bounces.google.com</domain>
        <result>neutral</result>
      </spf>
    </auth_results>
  </record>
  <record>
    <row>
      <source_ip>206.225.164.219</source_ip>
      <count>1</count>
      <policy_evaluated>
        <disposition>none</disposition>
        <reason>
          <type>forwarded</type>
          <comment></comment>
        </reason>
      </policy_evaluated>
    </row>
    <identities>
      <header_from>majorleaguegaming.com</header_from>
    </identities>
    <auth_results>
      <dkim>
        <domain>majorleaguegaming.com</domain>
        <result>neutral</result>
        <human_result></human_result>
      </dkim>
      <spf>
        <domain>mlgpro.com</domain>
        <result>pass</result>
      </spf>
    </auth_results>
  </record>
  <record>
    <row>
      <source_ip>209.85.161.72</source_ip>
      <count>6</count>
      <policy_evaluated>
        <disposition>none</disposition>
        <reason>
          <type>mailing_list</type>
          <comment></comment>
        </reason>
      </policy_evaluated>
    </row>
    <identities>
      <header_from>majorleaguegaming.com</header_from>
    </identities>
    <auth_results>
      <dkim>
        <domain></domain>
        <result>none</result>
        <human_result></human_result>
      </dkim>
      <spf>
        <domain>agoragames.com</domain>
        <result>pass</result>
      </spf>
    </auth_results>
  </record>
  <record>
    <row>
      <source_ip>209.85.216.47</source_ip>
      <count>1</count>
      <policy_evaluated>
        <disposition>none</disposition>
        <reason>
          <type>forwarded</type>
          <comment></comment>
        </reason>
        <reason>
          <type>mailing_list</type>
          <comment></comment>
        </reason>
      </policy_evaluated>
    </row>
    <identities>
      <header_from>majorleaguegaming.com</header_from>
    </identities>
    <auth_results>
      <dkim>
        <domain>majorleaguegaming.com</domain>
        <result>pass</result>
        <human_result></human_result>
      </dkim>
      <spf>
        <domain>majorleaguegaming.com</domain>
        <result>pass</result>
      </spf>
    </auth_results>
  </record>
  <record>
    <row>
      <source_ip>209.85.216.53</source_ip>
      <count>1</count>
      <policy_evaluated>
        <disposition>none</disposition>
        <reason>
          <type>forwarded</type>
          <comment></comment>
        </reason>
        <reason>
          <type>mailing_list</type>
          <comment></comment>
        </reason>
      </policy_evaluated>
    </row>
    <identities>
      <header_from>majorleaguegaming.com</header_from>
    </identities>
    <auth_results>
      <dkim>
        <domain>majorleaguegaming.com</domain>
        <result>pass</result>
        <human_result></human_result>
      </dkim>
      <spf>
        <domain>majorleaguegaming.com</domain>
        <result>pass</result>
      </spf>
    </auth_results>
  </record>
  <record>
    <row>
      <source_ip>209.85.220.199</source_ip>
      <count>8</count>
      <policy_evaluated>
        <disposition>none</disposition>
        <reason>
          <type>trusted_forwarder</type>
          <comment></comment>
        </reason>
        <reason>
          <type>mailing_list</type>
          <comment></comment>
        </reason>
      </policy_evaluated>
    </row>
    <identities>
      <header_from>majorleaguegaming.com</header_from>
    </identities>
    <auth_results>
      <dkim>
        <domain>majorleaguegaming.com</domain>
        <result>pass</result>
        <human_result></human_result>
      </dkim>
      <dkim>
        <domain>majorleaguegaming.com</domain>
        <result>pass</result>
        <human_result></human_result>
      </dkim>
      <spf>
        <domain>majorleaguegaming.com</domain>
        <result>pass</result>
      </spf>
      <spf>
        <domain>majorleaguegaming.com</domain>
        <result>pass</result>
      </spf>
    </auth_results>
  </record>
  <record>
    <row>
      <source_ip>209.85.160.45</source_ip>
      <count>2</count>
      <policy_evaluated>
        <disposition>none</disposition>
      </policy_evaluated>
    </row>
    <identities>
      <header_from>majorleaguegaming.com</header_from>
    </identities>
    <auth_results>
      <dkim>
        <domain>majorleaguegaming.com</domain>
        <result>pass</result>
        <human_result></human_result>
      </dkim>
      <spf>
        <domain>majorleaguegaming.com</domain>
        <result>pass</result>
      </spf>
    </auth_results>
  </record>
  <record>
    <row>
      <source_ip>209.85.160.46</source_ip>
      <count>1</count>
      <policy_evaluated>
        <disposition>none</disposition>
      </policy_evaluated>
    </row>
    <identities>
      <header_from>majorleaguegaming.com</header_from>
    </identities>
    <auth_results>
      <dkim>
        <domain>majorleaguegaming.com</domain>
        <result>pass</result>
        <human_result></human_result>
      </dkim>
      <spf>
        <domain>majorleaguegaming.com</domain>
        <result>pass</result>
      </spf>
    </auth_results>
  </record>
  <record>
    <row>
      <source_ip>209.85.160.52</source_ip>
      <count>1</count>
      <policy_evaluated>
        <disposition>none</disposition>
      </policy_evaluated>
    </row>
    <identities>
      <header_from>majorleaguegaming.com</header_from>
    </identities>
    <auth_results>
      <dkim>
        <domain>majorleaguegaming.com</domain>
        <result>pass</result>
        <human_result></human_result>
      </dkim>
      <spf>
        <domain>majorleaguegaming.com</domain>
        <result>pass</result>
      </spf>
    </auth_results>
  </record>
  <record>
    <row>
      <source_ip>209.85.210.44</source_ip>
      <count>6</count>
      <policy_evaluated>
        <disposition>none</disposition>
      </policy_evaluated>
    </row>
    <identities>
      <header_from>majorleaguegaming.com</header_from>
    </identities>
    <auth_results>
      <dkim>
        <domain>majorleaguegaming.com</domain>
        <result>pass</result>
        <human_result></human_result>
      </dkim>
      <spf>
        <domain>majorleaguegaming.com</domain>
        <result>pass</result>
      </spf>
    </auth_results>
  </record>
  <record>
    <row>
      <source_ip>209.85.210.46</source_ip>
      <count>3</count>
      <policy_evaluated>
        <disposition>none</disposition>
      </policy_evaluated>
    </row>
    <identities>
      <header_from>majorleaguegaming.com</header_from>
    </identities>
    <auth_results>
      <dkim>
        <domain>majorleaguegaming.com</domain>
        <result>pass</result>
        <human_result></human_result>
      </dkim>
      <spf>
        <domain>majorleaguegaming.com</domain>
        <result>pass</result>
      </spf>
    </auth_results>
  </record>
  <record>
    <row>
      <source_ip>209.85.210.50</source_ip>
      <count>2</count>
      <policy_evaluated>
        <disposition>none</disposition>
      </policy_evaluated>
    </row>
    <identities>
      <header_from>majorleaguegaming.com</header_from>
    </identities>
    <auth_results>
      <dkim>
        <domain>majorleaguegaming.com</domain>
        <result>pass</result>
        <human_result></human_result>
      </dkim>
      <spf>
        <domain>majorleaguegaming.com</domain>
        <result>pass</result>
      </spf>
    </auth_results>
  </record>
  <record>
    <row>
      <source_ip>174.143.44.253</source_ip>
      <count>2593</count>
      <policy_evaluated>
        <disposition>none</disposition>
      </policy_evaluated>
    </row>
    <identities>
      <header_from>majorleaguegaming.com</header_from>
    </identities>
    <auth_results>
      <dkim>
        <domain>majorleaguegaming.com</domain>
        <result>pass</result>
        <human_result></human_result>
      </dkim>
      <spf>
        <domain>majorleaguegaming.com</domain>
        <result>pass</result>
      </spf>
    </auth_results>
  </record>
  <record>
    <row>
      <source_ip>174.143.44.253</source_ip>
      <count>1</count>
      <policy_evaluated>
        <disposition>none</disposition>
      </policy_evaluated>
    </row>
    <identities>
      <header_from>sc2.majorleaguegaming.com</header_from>
    </identities>
    <auth_results>
      <dkim>
        <domain>sc2.majorleaguegaming.com</domain>
        <result>neutral</result>
        <human_result></human_result>
      </dkim>
      <spf>
        <domain>sc2.majorleaguegaming.com</domain>
        <result>neutral</result>
      </spf>
    </auth_results>
  </record>
  <record>
    <row>
      <source_ip>128.146.216.181</source_ip>
      <count>1</count>
      <policy_evaluated>
        <disposition>none</disposition>
        <reason>
          <type>forwarded</type>
          <comment></comment>
        </reason>
      </policy_evaluated>
    </row>
    <identities>
      <header_from>majorleaguegaming.com</header_from>
    </identities>
    <auth_results>
      <dkim>
        <domain>majorleaguegaming.com</domain>
        <result>fail</result>
        <human_result></human_result>
      </dkim>
      <spf>
        <domain>majorleaguegaming.com</domain>
        <result>softfail</result>
      </spf>
    </auth_results>
  </record>
  <record>
    <row>
      <source_ip>209.85.216.181</source_ip>
      <count>2</count>
      <policy_evaluated>
        <disposition>none</disposition>
        <reason>
          <type>forwarded</type>
          <comment></comment>
        </reason>
        <reason>
          <type>mailing_list</type>
          <comment></comment>
        </reason>
      </policy_evaluated>
    </row>
    <identities>
      <header_from>majorleaguegaming.com</header_from>
    </identities>
    <auth_results>
      <dkim>
        <domain></domain>
        <result>none</result>
        <human_result></human_result>
      </dkim>
      <spf>
        <domain>agoragames.com</domain>
        <result>pass</result>
      </spf>
    </auth_results>
  </record>
  <record>
    <row>
      <source_ip>209.85.160.199</source_ip>
      <count>44</count>
      <policy_evaluated>
        <disposition>none</disposition>
        <reason>
          <type>trusted_forwarder</type>
          <comment></comment>
        </reason>
        <reason>
          <type>mailing_list</type>
          <comment></comment>
        </reason>
      </policy_evaluated>
    </row>
    <identities>
      <header_from>majorleaguegaming.com</header_from>
    </identities>
    <auth_results>
      <dkim>
        <domain>majorleaguegaming.com</domain>
        <result>pass</result>
        <human_result></human_result>
      </dkim>
      <dkim>
        <domain>majorleaguegaming.com</domain>
        <result>pass</result>
        <human_result></human_result>
      </dkim>
      <spf>
        <domain>majorleaguegaming.com</domain>
        <result>pass</result>
      </spf>
      <spf>
        <domain>majorleaguegaming.com</domain>
        <result>pass</result>
      </spf>
    </auth_results>
  </record>
  <record>
    <row>
      <source_ip>209.85.160.42</source_ip>
      <count>4</count>
      <policy_evaluated>
        <disposition>none</disposition>
      </policy_evaluated>
    </row>
    <identities>
      <header_from>majorleaguegaming.com</header_from>
    </identities>
    <auth_results>
      <dkim>
        <domain>majorleaguegaming.com</domain>
        <result>pass</result>
        <human_result></human_result>
      </dkim>
      <spf>
        <domain>majorleaguegaming.com</domain>
        <result>pass</result>
      </spf>
    </auth_results>
  </record>
  <record>
    <row>
      <source_ip>209.85.210.41</source_ip>
      <count>2</count>
      <policy_evaluated>
        <disposition>none</disposition>
      </policy_evaluated>
    </row>
    <identities>
      <header_from>majorleaguegaming.com</header_from>
    </identities>
    <auth_results>
      <dkim>
        <domain>majorleaguegaming.com</domain>
        <result>pass</result>
        <human_result></human_result>
      </dkim>
      <spf>
        <domain>majorleaguegaming.com</domain>
        <result>pass</result>
      </spf>
    </auth_results>
  </record>
  <record>
    <row>
      <source_ip>209.85.214.201</source_ip>
      <count>1</count>
      <policy_evaluated>
        <disposition>none</disposition>
      </policy_evaluated>
    </row>
    <identities>
      <header_from>majorleaguegaming.com</header_from>
    </identities>
    <auth_results>
      <dkim>
        <domain>google.com</domain>
        <result>pass</result>
        <human_result></human_result>
      </dkim>
      <spf>
        <domain>calendar-server.bounces.google.com</domain>
        <result>pass</result>
      </spf>
    </auth_results>
  </record>
  <record>
    <row>
      <source_ip>209.85.217.170</source_ip>
      <count>1</count>
      <policy_evaluated>
        <disposition>none</disposition>
      </policy_evaluated>
    </row>
    <identities>
      <header_from>majorleaguegaming.com</header_from>
    </identities>
    <auth_results>
      <dkim>
        <domain>majorleaguegaming.com</domain>
        <result>pass</result>
        <human_result></human_result>
      </dkim>
      <spf>
        <domain>majorleaguegaming.com</domain>
        <result>pass</result>
      </spf>
    </auth_results>
  </record>
  <record>
    <row>
      <source_ip>209.85.217.173</source_ip>
      <count>1</count>
      <policy_evaluated>
        <disposition>none</disposition>
      </policy_evaluated>
    </row>
    <identities>
      <header_from>majorleaguegaming.com</header_from>
    </identities>
    <auth_results>
      <dkim>
        <domain>majorleaguegaming.com</domain>
        <result>pass</result>
        <human_result></human_result>
      </dkim>
      <spf>
        <domain>majorleaguegaming.com</domain>
        <result>pass</result>
      </spf>
    </auth_results>
  </record>
  <record>
    <row>
      <source_ip>209.85.217.176</source_ip>
      <count>1</count>
      <policy_evaluated>
        <disposition>none</disposition>
      </policy_evaluated>
    </row>
    <identities>
      <header_from>majorleaguegaming.com</header_from>
    </identities>
    <auth_results>
      <dkim>
        <domain>majorleaguegaming.com</domain>
        <result>pass</result>
        <human_result></human_result>
      </dkim>
      <spf>
        <domain>majorleaguegaming.com</domain>
        <result>pass</result>
      </spf>
    </auth_results>
  </record>
  <record>
    <row>
      <source_ip>209.85.217.181</source_ip>
      <count>2</count>
      <policy_evaluated>
        <disposition>none</disposition>
      </policy_evaluated>
    </row>
    <identities>
      <header_from>majorleaguegaming.com</header_from>
    </identities>
    <auth_results>
      <dkim>
        <domain>gmail.com</domain>
        <result>pass</result>
        <human_result></human_result>
      </dkim>
      <spf>
        <domain>gmail.com</domain>
        <result>pass</result>
      </spf>
    </auth_results>
  </record>
  <record>
    <row>
      <source_ip>209.85.217.181</source_ip>
      <count>11</count>
      <policy_evaluated>
        <disposition>none</disposition>
      </policy_evaluated>
    </row>
    <identities>
      <header_from>majorleaguegaming.com</header_from>
    </identities>
    <auth_results>
      <dkim>
        <domain>majorleaguegaming.com</domain>
        <result>pass</result>
        <human_result></human_result>
      </dkim>
      <spf>
        <domain>majorleaguegaming.com</domain>
        <result>pass</result>
      </spf>
    </auth_results>
  </record>
  <record>
    <row>
      <source_ip>128.146.216.225</source_ip>
      <count>1</count>
      <policy_evaluated>
        <disposition>none</disposition>
        <reason>
          <type>forwarded</type>
          <comment></comment>
        </reason>
      </policy_evaluated>
    </row>
    <identities>
      <header_from>majorleaguegaming.com</header_from>
    </identities>
    <auth_results>
      <dkim>
        <domain>majorleaguegaming.com</domain>
        <result>fail</result>
        <human_result></human_result>
      </dkim>
      <spf>
        <domain>majorleaguegaming.com</domain>
        <result>softfail</result>
      </spf>
    </auth_results>
  </record>
  <record>
    <row>
      <source_ip>128.146.216.226</source_ip>
      <count>2</count>
      <policy_evaluated>
        <disposition>none</disposition>
        <reason>
          <type>forwarded</type>
          <comment></comment>
        </reason>
      </policy_evaluated>
    </row>
    <identities>
      <header_from>majorleaguegaming.com</header_from>
    </identities>
    <auth_results>
      <dkim>
        <domain>majorleaguegaming.com</domain>
        <result>fail</result>
        <human_result></human_result>
      </dkim>
      <spf>
        <domain>majorleaguegaming.com</domain>
        <result>softfail</result>
      </spf>
    </auth_results>
  </record>
  <record>
    <row>
      <source_ip>206.225.164.194</source_ip>
      <count>1</count>
      <policy_evaluated>
        <disposition>none</disposition>
        <reason>
          <type>forwarded</type>
          <comment></comment>
        </reason>
      </policy_evaluated>
    </row>
    <identities>
      <header_from>majorleaguegaming.com</header_from>
    </identities>
    <auth_results>
      <dkim>
        <domain>majorleaguegaming.com</domain>
        <result>neutral</result>
        <human_result></human_result>
      </dkim>
      <spf>
        <domain>mlgpro.com</domain>
        <result>neutral</result>
      </spf>
    </auth_results>
  </record>
  <record>
    <row>
      <source_ip>209.85.216.44</source_ip>
      <count>2</count>
      <policy_evaluated>
        <disposition>none</disposition>
        <reason>
          <type>forwarded</type>
          <comment></comment>
        </reason>
        <reason>
          <type>mailing_list</type>
          <comment></comment>
        </reason>
      </policy_evaluated>
    </row>
    <identities>
      <header_from>majorleaguegaming.com</header_from>
    </identities>
    <auth_results>
      <dkim>
        <domain>majorleaguegaming.com</domain>
        <result>pass</result>
        <human_result></human_result>
      </dkim>
      <spf>
        <domain>majorleaguegaming.com</domain>
        <result>pass</result>
      </spf>
    </auth_results>
  </record>
  <record>
    <row>
      <source_ip>209.85.216.52</source_ip>
      <count>1</count>
      <policy_evaluated>
        <disposition>none</disposition>
        <reason>
          <type>forwarded</type>
          <comment></comment>
        </reason>
        <reason>
          <type>mailing_list</type>
          <comment></comment>
        </reason>
      </policy_evaluated>
    </row>
    <identities>
      <header_from>majorleaguegaming.com</header_from>
    </identities>
    <auth_results>
      <dkim>
        <domain>majorleaguegaming.com</domain>
        <result>pass</result>
        <human_result></human_result>
      </dkim>
      <spf>
        <domain>majorleaguegaming.com</domain>
        <result>pass</result>
      </spf>
    </auth_results>
  </record>
  <record>
    <row>
      <source_ip>209.85.216.172</source_ip>
      <count>1</count>
      <policy_evaluated>
        <disposition>none</disposition>
        <reason>
          <type>forwarded</type>
          <comment></comment>
        </reason>
        <reason>
          <type>mailing_list</type>
          <comment></comment>
        </reason>
      </policy_evaluated>
    </row>
    <identities>
      <header_from>majorleaguegaming.com</header_from>
    </identities>
    <auth_results>
      <dkim>
        <domain>gmail.com</domain>
        <result>pass</result>
        <human_result></human_result>
      </dkim>
      <spf>
        <domain>majorleaguegaming.com</domain>
        <result>pass</result>
      </spf>
    </auth_results>
  </record>
  <record>
    <row>
      <source_ip>209.85.210.71</source_ip>
      <count>20</count>
      <policy_evaluated>
        <disposition>none</disposition>
        <reason>
          <type>trusted_forwarder</type>
          <comment></comment>
        </reason>
        <reason>
          <type>mailing_list</type>
          <comment></comment>
        </reason>
      </policy_evaluated>
    </row>
    <identities>
      <header_from>majorleaguegaming.com</header_from>
    </identities>
    <auth_results>
      <dkim>
        <domain>majorleaguegaming.com</domain>
        <result>pass</result>
        <human_result></human_result>
      </dkim>
      <dkim>
        <domain>majorleaguegaming.com</domain>
        <result>pass</result>
        <human_result></human_result>
      </dkim>
      <spf>
        <domain>majorleaguegaming.com</domain>
        <result>pass</result>
      </spf>
      <spf>
        <domain>majorleaguegaming.com</domain>
        <result>pass</result>
      </spf>
    </auth_results>
  </record>
  <record>
    <row>
      <source_ip>209.85.214.71</source_ip>
      <count>23</count>
      <policy_evaluated>
        <disposition>none</disposition>
        <reason>
          <type>trusted_forwarder</type>
          <comment></comment>
        </reason>
        <reason>
          <type>mailing_list</type>
          <comment></comment>
        </reason>
      </policy_evaluated>
    </row>
    <identities>
      <header_from>majorleaguegaming.com</header_from>
    </identities>
    <auth_results>
      <dkim>
        <domain>gmail.com</domain>
        <result>pass</result>
        <human_result></human_result>
      </dkim>
      <dkim>
        <domain>gmail.com</domain>
        <result>pass</result>
        <human_result></human_result>
      </dkim>
      <spf>
        <domain>majorleaguegaming.com</domain>
        <result>pass</result>
      </spf>
      <spf>
        <domain>gmail.com</domain>
        <result>pass</result>
      </spf>
    </auth_results>
  </record>
  <record>
    <row>
      <source_ip>209.85.215.199</source_ip>
      <count>50</count>
      <policy_evaluated>
        <disposition>none</disposition>
        <reason>
          <type>trusted_forwarder</type>
          <comment></comment>
        </reason>
        <reason>
          <type>mailing_list</type>
          <comment></comment>
        </reason>
      </policy_evaluated>
    </row>
    <identities>
      <header_from>majorleaguegaming.com</header_from>
    </identities>
    <auth_results>
      <dkim>
        <domain>majorleaguegaming.com</domain>
        <result>pass</result>
        <human_result></human_result>
      </dkim>
      <dkim>
        <domain>majorleaguegaming.com</domain>
        <result>pass</result>
        <human_result></human_result>
      </dkim>
      <spf>
        <domain>majorleaguegaming.com</domain>
        <result>pass</result>
      </spf>
      <spf>
        <domain>majorleaguegaming.com</domain>
        <result>pass</result>
      </spf>
    </auth_results>
  </record>
  <record>
    <row>
      <source_ip>64.81.252.14</source_ip>
      <count>58</count>
      <policy_evaluated>
        <disposition>none</disposition>
      </policy_evaluated>
    </row>
    <identities>
      <header_from>majorleaguegaming.com</header_from>
    </identities>
    <auth_results>
      <dkim>
        <domain></domain>
        <result>none</result>
        <human_result></human_result>
      </dkim>
      <spf>
        <domain>majorleaguegaming.com</domain>
        <result>softfail</result>
      </spf>
    </auth_results>
  </record>
  <record>
    <row>
      <source_ip>209.85.160.41</source_ip>
      <count>2</count>
      <policy_evaluated>
        <disposition>none</disposition>
      </policy_evaluated>
    </row>
    <identities>
      <header_from>majorleaguegaming.com</header_from>
    </identities>
    <auth_results>
      <dkim>
        <domain>majorleaguegaming.com</domain>
        <result>pass</result>
        <human_result></human_result>
      </dkim>
      <spf>
        <domain>majorleaguegaming.com</domain>
        <result>pass</result>
      </spf>
    </auth_results>
  </record>
  <record>
    <row>
      <source_ip>209.85.160.50</source_ip>
      <count>2</count>
      <policy_evaluated>
        <disposition>none</disposition>
      </policy_evaluated>
    </row>
    <identities>
      <header_from>majorleaguegaming.com</header_from>
    </identities>
    <auth_results>
      <dkim>
        <domain>majorleaguegaming.com</domain>
        <result>pass</result>
        <human_result></human_result>
      </dkim>
      <spf>
        <domain>majorleaguegaming.com</domain>
        <result>pass</result>
      </spf>
    </auth_results>
  </record>
  <record>
    <row>
      <source_ip>209.85.210.43</source_ip>
      <count>2</count>
      <policy_evaluated>
        <disposition>none</disposition>
      </policy_evaluated>
    </row>
    <identities>
      <header_from>majorleaguegaming.com</header_from>
    </identities>
    <auth_results>
      <dkim>
        <domain>majorleaguegaming.com</domain>
        <result>pass</result>
        <human_result></human_result>
      </dkim>
      <spf>
        <domain>majorleaguegaming.com</domain>
        <result>pass</result>
      </spf>
    </auth_results>
  </record>
  <record>
    <row>
      <source_ip>209.85.210.47</source_ip>
      <count>3</count>
      <policy_evaluated>
        <disposition>none</disposition>
      </policy_evaluated>
    </row>
    <identities>
      <header_from>majorleaguegaming.com</header_from>
    </identities>
    <auth_results>
      <dkim>
        <domain>majorleaguegaming.com</domain>
        <result>pass</result>
        <human_result></human_result>
      </dkim>
      <spf>
        <domain>majorleaguegaming.com</domain>
        <result>pass</result>
      </spf>
    </auth_results>
  </record>
  <record>
    <row>
      <source_ip>209.85.210.54</source_ip>
      <count>2</count>
      <policy_evaluated>
        <disposition>none</disposition>
      </policy_evaluated>
    </row>
    <identities>
      <header_from>majorleaguegaming.com</header_from>
    </identities>
    <auth_results>
      <dkim>
        <domain>majorleaguegaming.com</domain>
        <result>pass</result>
        <human_result></human_result>
      </dkim>
      <spf>
        <domain>majorleaguegaming.com</domain>
        <result>pass</result>
      </spf>
    </auth_results>
  </record>
  <record>
    <row>
      <source_ip>209.85.210.70</source_ip>
      <count>2</count>
      <policy_evaluated>
        <disposition>none</disposition>
      </policy_evaluated>
    </row>
    <identities>
      <header_from>majorleaguegaming.com</header_from>
    </identities>
    <auth_results>
      <dkim>
        <domain>majorleaguegaming.com</domain>
        <result>pass</result>
        <human_result></human_result>
      </dkim>
      <spf>
        <domain>doclist.bounces.google.com</domain>
        <result>pass</result>
      </spf>
    </auth_results>
  </record>
  <record>
    <row>
      <source_ip>209.85.217.176</source_ip>
      <count>1</count>
      <policy_evaluated>
        <disposition>none</disposition>
      </policy_evaluated>
    </row>
    <identities>
      <header_from>majorleaguegaming.com</header_from>
    </identities>
    <auth_results>
      <dkim>
        <domain>gmail.com</domain>
        <result>pass</result>
        <human_result></human_result>
      </dkim>
      <spf>
        <domain>gmail.com</domain>
        <result>pass</result>
      </spf>
    </auth_results>
  </record>
  <record>
    <row>
      <source_ip>209.85.160.42</source_ip>
      <count>1</count>
      <policy_evaluated>
        <disposition>none</disposition>
        <reason>
          <type>forwarded</type>
          <comment></comment>
        </reason>
      </policy_evaluated>
    </row>
    <identities>
      <header_from>majorleaguegaming.com</header_from>
    </identities>
    <auth_results>
      <dkim>
        <domain>majorleaguegaming.com</domain>
        <result>pass</result>
        <human_result></human_result>
      </dkim>
      <spf>
        <domain>majorleaguegaming.com</domain>
        <result>pass</result>
      </spf>
    </auth_results>
  </record>
  <record>
    <row>
      <source_ip>209.85.216.53</source_ip>
      <count>1</count>
      <policy_evaluated>
        <disposition>none</disposition>
        <reason>
          <type>forwarded</type>
          <comment></comment>
        </reason>
      </policy_evaluated>
    </row>
    <identities>
      <header_from>majorleaguegaming.com</header_from>
    </identities>
    <auth_results>
      <dkim>
        <domain>majorleaguegaming.com</domain>
        <result>pass</result>
        <human_result></human_result>
      </dkim>
      <spf>
        <domain>majorleaguegaming.com</domain>
        <result>pass</result>
      </spf>
    </auth_results>
  </record>
  <record>
    <row>
      <source_ip>206.225.164.195</source_ip>
      <count>1</count>
      <policy_evaluated>
        <disposition>none</disposition>
        <reason>
          <type>forwarded</type>
          <comment></comment>
        </reason>
      </policy_evaluated>
    </row>
    <identities>
      <header_from>majorleaguegaming.com</header_from>
    </identities>
    <auth_results>
      <dkim>
        <domain>majorleaguegaming.com</domain>
        <result>neutral</result>
        <human_result></human_result>
      </dkim>
      <spf>
        <domain>mlgpro.com</domain>
        <result>neutral</result>
      </spf>
    </auth_results>
  </record>
  <record>
    <row>
      <source_ip>209.85.214.53</source_ip>
      <count>1</count>
      <policy_evaluated>
        <disposition>none</disposition>
        <reason>
          <type>forwarded</type>
          <comment></comment>
        </reason>
        <reason>
          <type>mailing_list</type>
          <comment></comment>
        </reason>
      </policy_evaluated>
    </row>
    <identities>
      <header_from>majorleaguegaming.com</header_from>
    </identities>
    <auth_results>
      <dkim>
        <domain></domain>
        <result>none</result>
        <human_result></human_result>
      </dkim>
      <spf>
        <domain>agoragames.com</domain>
        <result>pass</result>
      </spf>
    </auth_results>
  </record>
  <record>
    <row>
      <source_ip>209.85.216.177</source_ip>
      <count>1</count>
      <policy_evaluated>
        <disposition>none</disposition>
        <reason>
          <type>forwarded</type>
          <comment></comment>
        </reason>
        <reason>
          <type>mailing_list</type>
          <comment></comment>
        </reason>
      </policy_evaluated>
    </row>
    <identities>
      <header_from>majorleaguegaming.com</header_from>
    </identities>
    <auth_results>
      <dkim>
        <domain>majorleaguegaming.com</domain>
        <result>pass</result>
        <human_result></human_result>
      </dkim>
      <spf>
        <domain>majorleaguegaming.com</domain>
        <result>pass</result>
      </spf>
    </auth_results>
  </record>
  <record>
    <row>
      <source_ip>209.85.160.71</source_ip>
      <count>7</count>
      <policy_evaluated>
        <disposition>none</disposition>
        <reason>
          <type>trusted_forwarder</type>
          <comment></comment>
        </reason>
        <reason>
          <type>mailing_list</type>
          <comment></comment>
        </reason>
      </policy_evaluated>
    </row>
    <identities>
      <header_from>majorleaguegaming.com</header_from>
    </identities>
    <auth_results>
      <dkim>
        <domain>majorleaguegaming.com</domain>
        <result>pass</result>
        <human_result></human_result>
      </dkim>
      <dkim>
        <domain>majorleaguegaming.com</domain>
        <result>pass</result>
        <human_result></human_result>
      </dkim>
      <spf>
        <domain>majorleaguegaming.com</domain>
        <result>pass</result>
      </spf>
      <spf>
        <domain>majorleaguegaming.com</domain>
        <result>pass</result>
      </spf>
    </auth_results>
  </record>
  <record>
    <row>
      <source_ip>209.85.160.54</source_ip>
      <count>3</count>
      <policy_evaluated>
        <disposition>none</disposition>
      </policy_evaluated>
    </row>
    <identities>
      <header_from>majorleaguegaming.com</header_from>
    </identities>
    <auth_results>
      <dkim>
        <domain>majorleaguegaming.com</domain>
        <result>pass</result>
        <human_result></human_result>
      </dkim>
      <spf>
        <domain>majorleaguegaming.com</domain>
        <result>pass</result>
      </spf>
    </auth_results>
  </record>
  <record>
    <row>
      <source_ip>64.124.135.60</source_ip>
      <count>1</count>
      <policy_evaluated>
        <disposition>none</disposition>
      </policy_evaluated>
    </row>
    <identities>
      <header_from>majorleaguegaming.com</header_from>
    </identities>
    <auth_results>
      <dkim>
        <domain></domain>
        <result>none</result>
        <human_result></human_result>
      </dkim>
      <spf>
        <domain>majorleaguegaming.com</domain>
        <result>softfail</result>
      </spf>
    </auth_results>
  </record>
  <record>
    <row>
      <source_ip>209.85.160.170</source_ip>
      <count>1</count>
      <policy_evaluated>
        <disposition>none</disposition>
      </policy_evaluated>
    </row>
    <identities>
      <header_from>majorleaguegaming.com</header_from>
    </identities>
    <auth_results>
      <dkim>
        <domain>majorleaguegaming.com</domain>
        <result>pass</result>
        <human_result></human_result>
      </dkim>
      <spf>
        <domain>majorleaguegaming.com</domain>
        <result>pass</result>
      </spf>
    </auth_results>
  </record>
  <record>
    <row>
      <source_ip>209.85.161.202</source_ip>
      <count>1</count>
      <policy_evaluated>
        <disposition>none</disposition>
      </policy_evaluated>
    </row>
    <identities>
      <header_from>majorleaguegaming.com</header_from>
    </identities>
    <auth_results>
      <dkim>
        <domain>google.com</domain>
        <result>pass</result>
        <human_result></human_result>
      </dkim>
      <spf>
        <domain>calendar-server.bounces.google.com</domain>
        <result>pass</result>
      </spf>
    </auth_results>
  </record>
  <record>
    <row>
      <source_ip>64.81.252.14</source_ip>
      <count>2</count>
      <policy_evaluated>
        <disposition>none</disposition>
        <reason>
          <type>forwarded</type>
          <comment></comment>
        </reason>
      </policy_evaluated>
    </row>
    <identities>
      <header_from>majorleaguegaming.com</header_from>
    </identities>
    <auth_results>
      <dkim>
        <domain></domain>
        <result>none</result>
        <human_result></human_result>
      </dkim>
      <spf>
        <domain>majorleaguegaming.com</domain>
        <result>softfail</result>
      </spf>
    </auth_results>
  </record>
  <record>
    <row>
      <source_ip>65.55.116.28</source_ip>
      <count>1</count>
      <policy_evaluated>
        <disposition>none</disposition>
        <reason>
          <type>forwarded</type>
          <comment></comment>
        </reason>
      </policy_evaluated>
    </row>
    <identities>
      <header_from>majorleaguegaming.com</header_from>
    </identities>
    <auth_results>
      <dkim>
        <domain>majorleaguegaming.com</domain>
        <result>pass</result>
        <human_result></human_result>
      </dkim>
      <spf>
        <domain>hotmail.com</domain>
        <result>pass</result>
      </spf>
    </auth_results>
  </record>
  <record>
    <row>
      <source_ip>128.227.74.71</source_ip>
      <count>1</count>
      <policy_evaluated>
        <disposition>none</disposition>
        <reason>
          <type>forwarded</type>
          <comment></comment>
        </reason>
      </policy_evaluated>
    </row>
    <identities>
      <header_from>majorleaguegaming.com</header_from>
    </identities>
    <auth_results>
      <dkim>
        <domain>majorleaguegaming.com</domain>
        <result>pass</result>
        <human_result></human_result>
      </dkim>
      <spf>
        <domain>majorleaguegaming.com</domain>
        <result>softfail</result>
      </spf>
    </auth_results>
  </record>
  <record>
    <row>
      <source_ip>209.85.210.43</source_ip>
      <count>1</count>
      <policy_evaluated>
        <disposition>none</disposition>
        <reason>
          <type>forwarded</type>
          <comment></comment>
        </reason>
      </policy_evaluated>
    </row>
    <identities>
      <header_from>majorleaguegaming.com</header_from>
    </identities>
    <auth_results>
      <dkim>
        <domain>majorleaguegaming.com</domain>
        <result>pass</result>
        <human_result></human_result>
      </dkim>
      <spf>
        <domain>agoragames.com</domain>
        <result>pass</result>
      </spf>
    </auth_results>
  </record>
  <record>
    <row>
      <source_ip>209.85.215.53</source_ip>
      <count>1</count>
      <policy_evaluated>
        <disposition>none</disposition>
        <reason>
          <type>forwarded</type>
          <comment></comment>
        </reason>
      </policy_evaluated>
    </row>
    <identities>
      <header_from>majorleaguegaming.com</header_from>
    </identities>
    <auth_results>
      <dkim>
        <domain>majorleaguegaming.com</domain>
        <result>pass</result>
        <human_result></human_result>
      </dkim>
      <spf>
        <domain>agoragames.com</domain>
        <result>pass</result>
      </spf>
    </auth_results>
  </record>
  <record>
    <row>
      <source_ip>209.85.216.174</source_ip>
      <count>1</count>
      <policy_evaluated>
        <disposition>none</disposition>
        <reason>
          <type>forwarded</type>
          <comment></comment>
        </reason>
      </policy_evaluated>
    </row>
    <identities>
      <header_from>majorleaguegaming.com</header_from>
    </identities>
    <auth_results>
      <dkim>
        <domain>majorleaguegaming.com</domain>
        <result>pass</result>
        <human_result></human_result>
      </dkim>
      <spf>
        <domain>sandiego.edu</domain>
        <result>softfail</result>
      </spf>
    </auth_results>
  </record>
  <record>
    <row>
      <source_ip>209.85.216.50</source_ip>
      <count>1</count>
      <policy_evaluated>
        <disposition>none</disposition>
        <reason>
          <type>forwarded</type>
          <comment></comment>
        </reason>
        <reason>
          <type>mailing_list</type>
          <comment></comment>
        </reason>
      </policy_evaluated>
    </row>
    <identities>
      <header_from>majorleaguegaming.com</header_from>
    </identities>
    <auth_results>
      <dkim>
        <domain>majorleaguegaming.com</domain>
        <result>pass</result>
        <human_result></human_result>
      </dkim>
      <spf>
        <domain>majorleaguegaming.com</domain>
        <result>pass</result>
      </spf>
    </auth_results>
  </record>
  <record>
    <row>
      <source_ip>209.85.216.169</source_ip>
      <count>2</count>
      <policy_evaluated>
        <disposition>none</disposition>
        <reason>
          <type>forwarded</type>
          <comment></comment>
        </reason>
        <reason>
          <type>mailing_list</type>
          <comment></comment>
        </reason>
      </policy_evaluated>
    </row>
    <identities>
      <header_from>majorleaguegaming.com</header_from>
    </identities>
    <auth_results>
      <dkim>
        <domain>majorleaguegaming.com</domain>
        <result>pass</result>
        <human_result></human_result>
      </dkim>
      <spf>
        <domain>majorleaguegaming.com</domain>
        <result>pass</result>
      </spf>
    </auth_results>
  </record>
  <record>
    <row>
      <source_ip>209.85.210.42</source_ip>
      <count>2</count>
      <policy_evaluated>
        <disposition>none</disposition>
      </policy_evaluated>
    </row>
    <identities>
      <header_from>majorleaguegaming.com</header_from>
    </identities>
    <auth_results>
      <dkim>
        <domain>majorleaguegaming.com</domain>
        <result>pass</result>
        <human_result></human_result>
      </dkim>
      <spf>
        <domain>majorleaguegaming.com</domain>
        <result>pass</result>
      </spf>
    </auth_results>
  </record>
  <record>
    <row>
      <source_ip>209.85.210.51</source_ip>
      <count>3</count>
      <policy_evaluated>
        <disposition>none</disposition>
      </policy_evaluated>
    </row>
    <identities>
      <header_from>majorleaguegaming.com</header_from>
    </identities>
    <auth_results>
      <dkim>
        <domain>majorleaguegaming.com</domain>
        <result>pass</result>
        <human_result></human_result>
      </dkim>
      <spf>
        <domain>majorleaguegaming.com</domain>
        <result>pass</result>
      </spf>
    </auth_results>
  </record>
  <record>
    <row>
      <source_ip>209.85.215.45</source_ip>
      <count>6</count>
      <policy_evaluated>
        <disposition>none</disposition>
      </policy_evaluated>
    </row>
    <identities>
      <header_from>majorleaguegaming.com</header_from>
    </identities>
    <auth_results>
      <dkim>
        <domain>majorleaguegaming.com</domain>
        <result>pass</result>
        <human_result></human_result>
      </dkim>
      <spf>
        <domain>majorleaguegaming.com</domain>
        <result>pass</result>
      </spf>
    </auth_results>
  </record>
  <record>
    <row>
      <source_ip>209.85.213.181</source_ip>
      <count>2</count>
      <policy_evaluated>
        <disposition>none</disposition>
      </policy_evaluated>
    </row>
    <identities>
      <header_from>majorleaguegaming.com</header_from>
    </identities>
    <auth_results>
      <dkim>
        <domain>majorleaguegaming.com</domain>
        <result>pass</result>
        <human_result></human_result>
      </dkim>
      <spf>
        <domain>majorleaguegaming.com</domain>
        <result>pass</result>
      </spf>
    </auth_results>
  </record>
  <record>
    <row>
      <source_ip>209.85.216.44</source_ip>
      <count>1</count>
      <policy_evaluated>
        <disposition>none</disposition>
        <reason>
          <type>forwarded</type>
          <comment></comment>
        </reason>
      </policy_evaluated>
    </row>
    <identities>
      <header_from>majorleaguegaming.com</header_from>
    </identities>
    <auth_results>
      <dkim>
        <domain>majorleaguegaming.com</domain>
        <result>pass</result>
        <human_result></human_result>
      </dkim>
      <spf>
        <domain>majorleaguegaming.com</domain>
        <result>pass</result>
      </spf>
    </auth_results>
  </record>
  <record>
    <row>
      <source_ip>209.85.216.49</source_ip>
      <count>1</count>
      <policy_evaluated>
        <disposition>none</disposition>
        <reason>
          <type>forwarded</type>
          <comment></comment>
        </reason>
      </policy_evaluated>
    </row>
    <identities>
      <header_from>majorleaguegaming.com</header_from>
    </identities>
    <auth_results>
      <dkim>
        <domain>majorleaguegaming.com</domain>
        <result>pass</result>
        <human_result></human_result>
      </dkim>
      <spf>
        <domain>majorleaguegaming.com</domain>
        <result>pass</result>
      </spf>
    </auth_results>
  </record>
  <record>
    <row>
      <source_ip>98.139.44.145</source_ip>
      <count>1</count>
      <policy_evaluated>
        <disposition>none</disposition>
        <reason>
          <type>forwarded</type>
          <comment></comment>
        </reason>
      </policy_evaluated>
    </row>
    <identities>
      <header_from>majorleaguegaming.com</header_from>
    </identities>
    <auth_results>
      <dkim>
        <domain>majorleaguegaming.com</domain>
        <result>pass</result>
        <human_result></human_result>
      </dkim>
      <spf>
        <domain>gmail.com</domain>
        <result>neutral</result>
      </spf>
    </auth_results>
  </record>
  <record>
    <row>
      <source_ip>209.85.216.173</source_ip>
      <count>1</count>
      <policy_evaluated>
        <disposition>none</disposition>
        <reason>
          <type>forwarded</type>
          <comment></comment>
        </reason>
      </policy_evaluated>
    </row>
    <identities>
      <header_from>majorleaguegaming.com</header_from>
    </identities>
    <auth_results>
      <dkim>
        <domain>majorleaguegaming.com</domain>
        <result>pass</result>
        <human_result></human_result>
      </dkim>
      <spf>
        <domain>majorleaguegaming.com</domain>
        <result>pass</result>
      </spf>
    </auth_results>
  </record>
  <record>
    <row>
      <source_ip>209.85.216.177</source_ip>
      <count>1</count>
      <policy_evaluated>
        <disposition>none</disposition>
        <reason>
          <type>forwarded</type>
          <comment></comment>
        </reason>
      </policy_evaluated>
    </row>
    <identities>
      <header_from>majorleaguegaming.com</header_from>
    </identities>
    <auth_results>
      <dkim>
        <domain>majorleaguegaming.com</domain>
        <result>pass</result>
        <human_result></human_result>
      </dkim>
      <spf>
        <domain>majorleaguegaming.com</domain>
        <result>pass</result>
      </spf>
    </auth_results>
  </record>
  <record>
    <row>
      <source_ip>128.196.130.200</source_ip>
      <count>1</count>
      <policy_evaluated>
        <disposition>none</disposition>
        <reason>
          <type>forwarded</type>
          <comment></comment>
        </reason>
      </policy_evaluated>
    </row>
    <identities>
      <header_from>majorleaguegaming.com</header_from>
    </identities>
    <auth_results>
      <dkim>
        <domain>majorleaguegaming.com</domain>
        <result>pass</result>
        <human_result></human_result>
      </dkim>
      <spf>
        <domain>majorleaguegaming.com</domain>
        <result>softfail</result>
      </spf>
    </auth_results>
  </record>
  <record>
    <row>
      <source_ip>209.85.216.178</source_ip>
      <count>1</count>
      <policy_evaluated>
        <disposition>none</disposition>
        <reason>
          <type>forwarded</type>
          <comment></comment>
        </reason>
        <reason>
          <type>mailing_list</type>
          <comment></comment>
        </reason>
      </policy_evaluated>
    </row>
    <identities>
      <header_from>majorleaguegaming.com</header_from>
    </identities>
    <auth_results>
      <dkim>
        <domain>majorleaguegaming.com</domain>
        <result>pass</result>
        <human_result></human_result>
      </dkim>
      <spf>
        <domain>majorleaguegaming.com</domain>
        <result>pass</result>
      </spf>
    </auth_results>
  </record>
  <record>
    <row>
      <source_ip>209.85.214.199</source_ip>
      <count>69</count>
      <policy_evaluated>
        <disposition>none</disposition>
        <reason>
          <type>trusted_forwarder</type>
          <comment></comment>
        </reason>
        <reason>
          <type>mailing_list</type>
          <comment></comment>
        </reason>
      </policy_evaluated>
    </row>
    <identities>
      <header_from>majorleaguegaming.com</header_from>
    </identities>
    <auth_results>
      <dkim>
        <domain>majorleaguegaming.com</domain>
        <result>pass</result>
        <human_result></human_result>
      </dkim>
      <dkim>
        <domain>majorleaguegaming.com</domain>
        <result>pass</result>
        <human_result></human_result>
      </dkim>
      <spf>
        <domain>majorleaguegaming.com</domain>
        <result>pass</result>
      </spf>
      <spf>
        <domain>majorleaguegaming.com</domain>
        <result>pass</result>
      </spf>
    </auth_results>
  </record>
</feedback>
