<?xml version="1.0"?>	
<feedback>	
  <report_metadata>	
    <org_name>Yahoo! Inc.</org_name>	
    <email>postmaster@dmarc.yahoo.com</email>	
    <report_id>1339232910.291185</report_id>	
    <date_range>	
      <begin>1339113600</begin>	
      <end>1339199999 </end>	
    </date_range>	
  </report_metadata>	
  <policy_published>	
    <domain>majorleaguegaming.com</domain>	
    <adkim>r</adkim>	
    <aspf>r</aspf>	
    <p>none</p>	
    <pct>100</pct>	
  </policy_published>	
  <record>	
    <row>	
      <source_ip>128.253.83.143</source_ip>	
      <count>1</count>	
      <policy_evaluated>	
        <disposition>none</disposition>	
        <dkim>fail</dkim>	
        <spf>fail</spf>	
      </policy_evaluated>	
    </row>	
    <identifiers>	
      <header_from>majorleaguegaming.com</header_from>	
    </identifiers>	
    <auth_results>	
      <dkim>	
        <domain>majorleaguegaming.com</domain>	
        <result>permerror</result>	
      </dkim>	
      <spf>	
        <domain>majorleaguegaming.com</domain>	
        <result>softfail</result>	
      </spf>	
    </auth_results>	
  </record>	
  <record>	
    <row>	
      <source_ip>130.111.32.94</source_ip>	
      <count>1</count>	
      <policy_evaluated>	
        <disposition>none</disposition>	
        <dkim>pass</dkim>	
        <spf>fail</spf>	
      </policy_evaluated>	
    </row>	
    <identifiers>	
      <header_from>majorleaguegaming.com</header_from>	
    </identifiers>	
    <auth_results>	
      <dkim>	
        <domain>majorleaguegaming.com</domain>	
        <result>pass</result>	
      </dkim>	
      <spf>	
        <domain>majorleaguegaming.com</domain>	
        <result>softfail</result>	
      </spf>	
    </auth_results>	
  </record>	
  <record>	
    <row>	
      <source_ip>173.231.138.200</source_ip>	
      <count>4</count>	
      <policy_evaluated>	
        <disposition>none</disposition>	
        <dkim>fail</dkim>	
        <spf>fail</spf>	
      </policy_evaluated>	
    </row>	
    <identifiers>	
      <header_from>majorleaguegaming.com</header_from>	
    </identifiers>	
    <auth_results>	
      <dkim>	
        <domain>mail263.us2.mcsv.net</domain>	
        <result>pass</result>	
      </dkim>	
      <spf>	
        <domain>mail263.us2.mcsv.net</domain>	
        <result>pass</result>	
      </spf>	
    </auth_results>	
  </record>	
  <record>	
    <row>	
      <source_ip>174.143.44.253</source_ip>	
      <count>6</count>	
      <policy_evaluated>	
        <disposition>none</disposition>	
        <dkim>fail</dkim>	
        <spf>pass</spf>	
      </policy_evaluated>	
    </row>	
    <identifiers>	
      <header_from>majorleaguegaming.com</header_from>	
    </identifiers>	
    <auth_results>	
      <dkim>	
        <domain>majorleaguegaming.com</domain>	
        <result>permerror</result>	
      </dkim>	
      <spf>	
        <domain>majorleaguegaming.com</domain>	
        <result>pass</result>	
      </spf>	
    </auth_results>	
  </record>	
  <record>	
    <row>	
      <source_ip>174.143.44.253</source_ip>	
      <count>2603</count>	
      <policy_evaluated>	
        <disposition>none</disposition>	
        <dkim>pass</dkim>	
        <spf>pass</spf>	
      </policy_evaluated>	
    </row>	
    <identifiers>	
      <header_from>majorleaguegaming.com</header_from>	
    </identifiers>	
    <auth_results>	
      <dkim>	
        <domain>majorleaguegaming.com</domain>	
        <result>pass</result>	
      </dkim>	
      <spf>	
        <domain>majorleaguegaming.com</domain>	
        <result>pass</result>	
      </spf>	
    </auth_results>	
  </record>	
  <record>	
    <row>	
      <source_ip>174.143.44.253</source_ip>	
      <count>1</count>	
      <policy_evaluated>	
        <disposition>none</disposition>	
        <dkim>fail</dkim>	
        <spf>fail</spf>	
      </policy_evaluated>	
    </row>	
    <identifiers>	
      <header_from>sc2.majorleaguegaming.com</header_from>	
    </identifiers>	
    <auth_results>	
      <dkim>	
        <domain>sc2.majorleaguegaming.com</domain>	
        <result>permerror</result>	
      </dkim>	
      <spf>	
        <domain>sc2.majorleaguegaming.com</domain>	
        <result>none</result>	
      </spf>	
    </auth_results>	
  </record>	
  <record>	
    <row>	
      <source_ip>208.69.40.157</source_ip>	
      <count>2</count>	
      <policy_evaluated>	
        <disposition>none</disposition>	
        <dkim>fail</dkim>	
        <spf>fail</spf>	
      </policy_evaluated>	
    </row>	
    <identifiers>	
      <header_from>majorleaguegaming.com</header_from>	
    </identifiers>	
    <auth_results>	
      <dkim>	
        <domain>dmarc.org</domain>	
        <result>pass</result>	
      </dkim>	
      <spf>	
        <domain>blackops.org</domain>	
        <result>pass</result>	
      </spf>	
    </auth_results>	
  </record>	
  <record>	
    <row>	
      <source_ip>209.85.160.43</source_ip>	
      <count>1</count>	
      <policy_evaluated>	
        <disposition>none</disposition>	
        <dkim>pass</dkim>	
        <spf>pass</spf>	
      </policy_evaluated>	
    </row>	
    <identifiers>	
      <header_from>majorleaguegaming.com</header_from>	
    </identifiers>	
    <auth_results>	
      <dkim>	
        <domain>majorleaguegaming.com</domain>	
        <result>pass</result>	
      </dkim>	
      <spf>	
        <domain>majorleaguegaming.com</domain>	
        <result>pass</result>	
      </spf>	
    </auth_results>	
  </record>	
  <record>	
    <row>	
      <source_ip>209.85.160.44</source_ip>	
      <count>1</count>	
      <policy_evaluated>	
        <disposition>none</disposition>	
        <dkim>pass</dkim>	
        <spf>pass</spf>	
      </policy_evaluated>	
    </row>	
    <identifiers>	
      <header_from>majorleaguegaming.com</header_from>	
    </identifiers>	
    <auth_results>	
      <dkim>	
        <domain>majorleaguegaming.com</domain>	
        <result>pass</result>	
      </dkim>	
      <spf>	
        <domain>majorleaguegaming.com</domain>	
        <result>pass</result>	
      </spf>	
    </auth_results>	
  </record>	
  <record>	
    <row>	
      <source_ip>209.85.160.45</source_ip>	
      <count>2</count>	
      <policy_evaluated>	
        <disposition>none</disposition>	
        <dkim>pass</dkim>	
        <spf>pass</spf>	
      </policy_evaluated>	
    </row>	
    <identifiers>	
      <header_from>majorleaguegaming.com</header_from>	
    </identifiers>	
    <auth_results>	
      <dkim>	
        <domain>majorleaguegaming.com</domain>	
        <result>pass</result>	
      </dkim>	
      <spf>	
        <domain>majorleaguegaming.com</domain>	
        <result>pass</result>	
      </spf>	
    </auth_results>	
  </record>	
  <record>	
    <row>	
      <source_ip>209.85.160.51</source_ip>	
      <count>1</count>	
      <policy_evaluated>	
        <disposition>none</disposition>	
        <dkim>pass</dkim>	
        <spf>pass</spf>	
      </policy_evaluated>	
    </row>	
    <identifiers>	
      <header_from>majorleaguegaming.com</header_from>	
    </identifiers>	
    <auth_results>	
      <dkim>	
        <domain>majorleaguegaming.com</domain>	
        <result>pass</result>	
      </dkim>	
      <spf>	
        <domain>majorleaguegaming.com</domain>	
        <result>pass</result>	
      </spf>	
    </auth_results>	
  </record>	
  <record>	
    <row>	
      <source_ip>209.85.160.53</source_ip>	
      <count>5</count>	
      <policy_evaluated>	
        <disposition>none</disposition>	
        <dkim>pass</dkim>	
        <spf>pass</spf>	
      </policy_evaluated>	
    </row>	
    <identifiers>	
      <header_from>majorleaguegaming.com</header_from>	
    </identifiers>	
    <auth_results>	
      <dkim>	
        <domain>majorleaguegaming.com</domain>	
        <result>pass</result>	
      </dkim>	
      <spf>	
        <domain>majorleaguegaming.com</domain>	
        <result>pass</result>	
      </spf>	
    </auth_results>	
  </record>	
  <record>	
    <row>	
      <source_ip>209.85.160.54</source_ip>	
      <count>2</count>	
      <policy_evaluated>	
        <disposition>none</disposition>	
        <dkim>pass</dkim>	
        <spf>pass</spf>	
      </policy_evaluated>	
    </row>	
    <identifiers>	
      <header_from>majorleaguegaming.com</header_from>	
    </identifiers>	
    <auth_results>	
      <dkim>	
        <domain>majorleaguegaming.com</domain>	
        <result>pass</result>	
      </dkim>	
      <spf>	
        <domain>majorleaguegaming.com</domain>	
        <result>pass</result>	
      </spf>	
    </auth_results>	
  </record>	
  <record>	
    <row>	
      <source_ip>209.85.210.42</source_ip>	
      <count>1</count>	
      <policy_evaluated>	
        <disposition>none</disposition>	
        <dkim>pass</dkim>	
        <spf>pass</spf>	
      </policy_evaluated>	
    </row>	
    <identifiers>	
      <header_from>majorleaguegaming.com</header_from>	
    </identifiers>	
    <auth_results>	
      <dkim>	
        <domain>majorleaguegaming.com</domain>	
        <result>pass</result>	
      </dkim>	
      <spf>	
        <domain>majorleaguegaming.com</domain>	
        <result>pass</result>	
      </spf>	
    </auth_results>	
  </record>	
  <record>	
    <row>	
      <source_ip>209.85.210.44</source_ip>	
      <count>1</count>	
      <policy_evaluated>	
        <disposition>none</disposition>	
        <dkim>pass</dkim>	
        <spf>pass</spf>	
      </policy_evaluated>	
    </row>	
    <identifiers>	
      <header_from>majorleaguegaming.com</header_from>	
    </identifiers>	
    <auth_results>	
      <dkim>	
        <domain>majorleaguegaming.com</domain>	
        <result>pass</result>	
      </dkim>	
      <spf>	
        <domain>majorleaguegaming.com</domain>	
        <result>pass</result>	
      </spf>	
    </auth_results>	
  </record>	
  <record>	
    <row>	
      <source_ip>209.85.210.45</source_ip>	
      <count>2</count>	
      <policy_evaluated>	
        <disposition>none</disposition>	
        <dkim>pass</dkim>	
        <spf>pass</spf>	
      </policy_evaluated>	
    </row>	
    <identifiers>	
      <header_from>majorleaguegaming.com</header_from>	
    </identifiers>	
    <auth_results>	
      <dkim>	
        <domain>majorleaguegaming.com</domain>	
        <result>pass</result>	
      </dkim>	
      <spf>	
        <domain>majorleaguegaming.com</domain>	
        <result>pass</result>	
      </spf>	
    </auth_results>	
  </record>	
  <record>	
    <row>	
      <source_ip>209.85.210.48</source_ip>	
      <count>1</count>	
      <policy_evaluated>	
        <disposition>none</disposition>	
        <dkim>pass</dkim>	
        <spf>pass</spf>	
      </policy_evaluated>	
    </row>	
    <identifiers>	
      <header_from>majorleaguegaming.com</header_from>	
    </identifiers>	
    <auth_results>	
      <dkim>	
        <domain>majorleaguegaming.com</domain>	
        <result>pass</result>	
      </dkim>	
      <spf>	
        <domain>majorleaguegaming.com</domain>	
        <result>pass</result>	
      </spf>	
    </auth_results>	
  </record>	
  <record>	
    <row>	
      <source_ip>209.85.210.49</source_ip>	
      <count>1</count>	
      <policy_evaluated>	
        <disposition>none</disposition>	
        <dkim>pass</dkim>	
        <spf>pass</spf>	
      </policy_evaluated>	
    </row>	
    <identifiers>	
      <header_from>majorleaguegaming.com</header_from>	
    </identifiers>	
    <auth_results>	
      <dkim>	
        <domain>majorleaguegaming.com</domain>	
        <result>pass</result>	
      </dkim>	
      <spf>	
        <domain>majorleaguegaming.com</domain>	
        <result>pass</result>	
      </spf>	
    </auth_results>	
  </record>	
  <record>	
    <row>	
      <source_ip>209.85.210.50</source_ip>	
      <count>2</count>	
      <policy_evaluated>	
        <disposition>none</disposition>	
        <dkim>pass</dkim>	
        <spf>pass</spf>	
      </policy_evaluated>	
    </row>	
    <identifiers>	
      <header_from>majorleaguegaming.com</header_from>	
    </identifiers>	
    <auth_results>	
      <dkim>	
        <domain>majorleaguegaming.com</domain>	
        <result>pass</result>	
      </dkim>	
      <spf>	
        <domain>majorleaguegaming.com</domain>	
        <result>pass</result>	
      </spf>	
    </auth_results>	
  </record>	
  <record>	
    <row>	
      <source_ip>209.85.210.54</source_ip>	
      <count>3</count>	
      <policy_evaluated>	
        <disposition>none</disposition>	
        <dkim>pass</dkim>	
        <spf>pass</spf>	
      </policy_evaluated>	
    </row>	
    <identifiers>	
      <header_from>majorleaguegaming.com</header_from>	
    </identifiers>	
    <auth_results>	
      <dkim>	
        <domain>majorleaguegaming.com</domain>	
        <result>pass</result>	
      </dkim>	
      <spf>	
        <domain>majorleaguegaming.com</domain>	
        <result>pass</result>	
      </spf>	
    </auth_results>	
  </record>	
  <record>	
    <row>	
      <source_ip>209.85.212.46</source_ip>	
      <count>1</count>	
      <policy_evaluated>	
        <disposition>none</disposition>	
        <dkim>fail</dkim>	
        <spf>fail</spf>	
      </policy_evaluated>	
    </row>	
    <identifiers>	
      <header_from>majorleaguegaming.com</header_from>	
    </identifiers>	
    <auth_results>	
      <dkim>	
        <domain>dmarc.org</domain>	
        <result>pass</result>	
      </dkim>	
      <spf>	
        <domain>dustin.li</domain>	
        <result>pass</result>	
      </spf>	
    </auth_results>	
  </record>	
  <record>	
    <row>	
      <source_ip>209.85.214.171</source_ip>	
      <count>1</count>	
      <policy_evaluated>	
        <disposition>none</disposition>	
        <dkim>pass</dkim>	
        <spf>fail</spf>	
      </policy_evaluated>	
    </row>	
    <identifiers>	
      <header_from>majorleaguegaming.com</header_from>	
    </identifiers>	
    <auth_results>	
      <dkim>	
        <domain>majorleaguegaming.com</domain>	
        <result>pass</result>	
      </dkim>	
      <spf>	
        <domain>student.cccd.edu</domain>	
        <result>none</result>	
      </spf>	
    </auth_results>	
  </record>	
  <record>	
    <row>	
      <source_ip>209.85.214.48</source_ip>	
      <count>1</count>	
      <policy_evaluated>	
        <disposition>none</disposition>	
        <dkim>pass</dkim>	
        <spf>fail</spf>	
      </policy_evaluated>	
    </row>	
    <identifiers>	
      <header_from>majorleaguegaming.com</header_from>	
    </identifiers>	
    <auth_results>	
      <dkim>	
        <domain>majorleaguegaming.com</domain>	
        <result>pass</result>	
      </dkim>	
      <spf>	
        <domain>gmail.com</domain>	
        <result>pass</result>	
      </spf>	
    </auth_results>	
  </record>	
  <record>	
    <row>	
      <source_ip>209.85.215.46</source_ip>	
      <count>1</count>	
      <policy_evaluated>	
        <disposition>none</disposition>	
        <dkim>pass</dkim>	
        <spf>fail</spf>	
      </policy_evaluated>	
    </row>	
    <identifiers>	
      <header_from>majorleaguegaming.com</header_from>	
    </identifiers>	
    <auth_results>	
      <dkim>	
        <domain>majorleaguegaming.com</domain>	
        <result>pass</result>	
      </dkim>	
      <spf>	
        <domain>gmail.com</domain>	
        <result>pass</result>	
      </spf>	
    </auth_results>	
  </record>	
  <record>	
    <row>	
      <source_ip>209.85.220.169</source_ip>	
      <count>1</count>	
      <policy_evaluated>	
        <disposition>none</disposition>	
        <dkim>fail</dkim>	
        <spf>fail</spf>	
      </policy_evaluated>	
    </row>	
    <identifiers>	
      <header_from>majorleaguegaming.com</header_from>	
    </identifiers>	
    <auth_results>	
      <dkim>	
        <domain>dmarc.org</domain>	
        <result>pass</result>	
      </dkim>	
      <spf>	
        <domain>dustin.li</domain>	
        <result>pass</result>	
      </spf>	
    </auth_results>	
  </record>	
  <record>	
    <row>	
      <source_ip>213.199.154.140</source_ip>	
      <count>1</count>	
      <policy_evaluated>	
        <disposition>none</disposition>	
        <dkim>fail</dkim>	
        <spf>fail</spf>	
      </policy_evaluated>	
    </row>	
    <identifiers>	
      <header_from>majorleaguegaming.com</header_from>	
    </identifiers>	
    <auth_results>	
      <dkim>	
        <domain>majorleaguegaming.com</domain>	
        <result>permerror</result>	
      </dkim>	
      <spf>	
        <domain>saclink.csus.edu</domain>	
        <result>none</result>	
      </spf>	
    </auth_results>	
  </record>	
  <record>	
    <row>	
      <source_ip>216.32.180.31</source_ip>	
      <count>1</count>	
      <policy_evaluated>	
        <disposition>none</disposition>	
        <dkim>fail</dkim>	
        <spf>fail</spf>	
      </policy_evaluated>	
    </row>	
    <identifiers>	
      <header_from>majorleaguegaming.com</header_from>	
    </identifiers>	
    <auth_results>	
      <dkim>	
        <domain>majorleaguegaming.com</domain>	
        <result>permerror</result>	
      </dkim>	
      <spf>	
        <domain>saclink.csus.edu</domain>	
        <result>none</result>	
      </spf>	
    </auth_results>	
  </record>	
  <record>	
    <row>	
      <source_ip>65.55.88.14</source_ip>	
      <count>1</count>	
      <policy_evaluated>	
        <disposition>none</disposition>	
        <dkim>fail</dkim>	
        <spf>fail</spf>	
      </policy_evaluated>	
    </row>	
    <identifiers>	
      <header_from>majorleaguegaming.com</header_from>	
    </identifiers>	
    <auth_results>	
      <dkim>	
        <domain>majorleaguegaming.com</domain>	
        <result>permerror</result>	
      </dkim>	
      <spf>	
        <domain>saclink.csus.edu</domain>	
        <result>none</result>	
      </spf>	
    </auth_results>	
  </record>	
</feedback>	
