<?xml version="1.0" encoding="UTF-8" ?>
<feedback>
  <report_metadata>
    <org_name>google.com</org_name>
    <email>noreply-dmarc-support@google.com</email>
    <extra_contact_info>http://support.google.com/a/bin/answer.py?answer=2466580</extra_contact_info>
    <report_id>12013635667092515886</report_id>
    <date_range>
      <begin>1339027200</begin>
      <end>1339113599</end>
    </date_range>
  </report_metadata>
  <policy_published>
    <domain>smashboards.com</domain>
    <adkim>r</adkim>
    <aspf>r</aspf>
    <p>none</p>
    <pct>100</pct>
  </policy_published>
  <record>
    <row>
      <source_ip>27.49.42.14</source_ip>
      <count>1</count>
      <policy_evaluated>
        <disposition>none</disposition>
      </policy_evaluated>
    </row>
    <identities>
      <header_from>smashboards.com</header_from>
    </identities>
    <auth_results>
      <dkim>
        <domain></domain>
        <result>none</result>
        <human_result></human_result>
      </dkim>
      <spf>
        <domain>smashboards.com</domain>
        <result>temperror</result>
      </spf>
    </auth_results>
  </record>
  <record>
    <row>
      <source_ip>93.124.1.168</source_ip>
      <count>1</count>
      <policy_evaluated>
        <disposition>none</disposition>
      </policy_evaluated>
    </row>
    <identities>
      <header_from>smashboards.com</header_from>
    </identities>
    <auth_results>
      <dkim>
        <domain></domain>
        <result>none</result>
        <human_result></human_result>
      </dkim>
      <spf>
        <domain>smashboards.com</domain>
        <result>softfail</result>
      </spf>
    </auth_results>
  </record>
  <record>
    <row>
      <source_ip>93.74.188.34</source_ip>
      <count>1</count>
      <policy_evaluated>
        <disposition>none</disposition>
      </policy_evaluated>
    </row>
    <identities>
      <header_from>smashboards.com</header_from>
    </identities>
    <auth_results>
      <dkim>
        <domain></domain>
        <result>none</result>
        <human_result></human_result>
      </dkim>
      <spf>
        <domain>smashboards.com</domain>
        <result>softfail</result>
      </spf>
    </auth_results>
  </record>
  <record>
    <row>
      <source_ip>113.162.127.16</source_ip>
      <count>1</count>
      <policy_evaluated>
        <disposition>none</disposition>
      </policy_evaluated>
    </row>
    <identities>
      <header_from>smashboards.com</header_from>
    </identities>
    <auth_results>
      <dkim>
        <domain></domain>
        <result>none</result>
        <human_result></human_result>
      </dkim>
      <spf>
        <domain>smashboards.com</domain>
        <result>softfail</result>
      </spf>
    </auth_results>
  </record>
  <record>
    <row>
      <source_ip>117.201.119.42</source_ip>
      <count>1</count>
      <policy_evaluated>
        <disposition>none</disposition>
      </policy_evaluated>
    </row>
    <identities>
      <header_from>smashboards.com</header_from>
    </identities>
    <auth_results>
      <dkim>
        <domain></domain>
        <result>none</result>
        <human_result></human_result>
      </dkim>
      <spf>
        <domain>smashboards.com</domain>
        <result>softfail</result>
      </spf>
    </auth_results>
  </record>
  <record>
    <row>
      <source_ip>222.252.104.211</source_ip>
      <count>1</count>
      <policy_evaluated>
        <disposition>none</disposition>
      </policy_evaluated>
    </row>
    <identities>
      <header_from>smashboards.com</header_from>
    </identities>
    <auth_results>
      <dkim>
        <domain></domain>
        <result>none</result>
        <human_result></human_result>
      </dkim>
      <spf>
        <domain>smashboards.com</domain>
        <result>softfail</result>
      </spf>
    </auth_results>
  </record>
  <record>
    <row>
      <source_ip>41.23.7.147</source_ip>
      <count>1</count>
      <policy_evaluated>
        <disposition>none</disposition>
      </policy_evaluated>
    </row>
    <identities>
      <header_from>smashboards.com</header_from>
    </identities>
    <auth_results>
      <dkim>
        <domain></domain>
        <result>none</result>
        <human_result></human_result>
      </dkim>
      <spf>
        <domain>smashboards.com</domain>
        <result>temperror</result>
      </spf>
    </auth_results>
  </record>
  <record>
    <row>
      <source_ip>117.205.18.92</source_ip>
      <count>1</count>
      <policy_evaluated>
        <disposition>none</disposition>
      </policy_evaluated>
    </row>
    <identities>
      <header_from>smashboards.com</header_from>
    </identities>
    <auth_results>
      <dkim>
        <domain></domain>
        <result>none</result>
        <human_result></human_result>
      </dkim>
      <spf>
        <domain>smashboards.com</domain>
        <result>softfail</result>
      </spf>
    </auth_results>
  </record>
  <record>
    <row>
      <source_ip>182.187.51.18</source_ip>
      <count>1</count>
      <policy_evaluated>
        <disposition>none</disposition>
      </policy_evaluated>
    </row>
    <identities>
      <header_from>smashboards.com</header_from>
    </identities>
    <auth_results>
      <dkim>
        <domain></domain>
        <result>none</result>
        <human_result></human_result>
      </dkim>
      <spf>
        <domain>smashboards.com</domain>
        <result>softfail</result>
      </spf>
    </auth_results>
  </record>
  <record>
    <row>
      <source_ip>182.186.158.167</source_ip>
      <count>1</count>
      <policy_evaluated>
        <disposition>none</disposition>
      </policy_evaluated>
    </row>
    <identities>
      <header_from>smashboards.com</header_from>
    </identities>
    <auth_results>
      <dkim>
        <domain></domain>
        <result>none</result>
        <human_result></human_result>
      </dkim>
      <spf>
        <domain>smashboards.com</domain>
        <result>softfail</result>
      </spf>
    </auth_results>
  </record>
  <record>
    <row>
      <source_ip>74.125.83.52</source_ip>
      <count>1</count>
      <policy_evaluated>
        <disposition>none</disposition>
        <reason>
          <type>forwarded</type>
          <comment></comment>
        </reason>
      </policy_evaluated>
    </row>
    <identities>
      <header_from>smashboards.com</header_from>
    </identities>
    <auth_results>
      <dkim>
        <domain>smashboards.com</domain>
        <result>pass</result>
        <human_result></human_result>
      </dkim>
      <spf>
        <domain>njit.edu</domain>
        <result>neutral</result>
      </spf>
    </auth_results>
  </record>
  <record>
    <row>
      <source_ip>116.71.27.89</source_ip>
      <count>1</count>
      <policy_evaluated>
        <disposition>none</disposition>
      </policy_evaluated>
    </row>
    <identities>
      <header_from>smashboards.com</header_from>
    </identities>
    <auth_results>
      <dkim>
        <domain></domain>
        <result>none</result>
        <human_result></human_result>
      </dkim>
      <spf>
        <domain>smashboards.com</domain>
        <result>softfail</result>
      </spf>
    </auth_results>
  </record>
  <record>
    <row>
      <source_ip>49.249.21.53</source_ip>
      <count>1</count>
      <policy_evaluated>
        <disposition>none</disposition>
      </policy_evaluated>
    </row>
    <identities>
      <header_from>smashboards.com</header_from>
    </identities>
    <auth_results>
      <dkim>
        <domain></domain>
        <result>none</result>
        <human_result></human_result>
      </dkim>
      <spf>
        <domain>smashboards.com</domain>
        <result>softfail</result>
      </spf>
    </auth_results>
  </record>
  <record>
    <row>
      <source_ip>113.190.136.89</source_ip>
      <count>3</count>
      <policy_evaluated>
        <disposition>none</disposition>
      </policy_evaluated>
    </row>
    <identities>
      <header_from>smashboards.com</header_from>
    </identities>
    <auth_results>
      <dkim>
        <domain></domain>
        <result>none</result>
        <human_result></human_result>
      </dkim>
      <spf>
        <domain>smashboards.com</domain>
        <result>softfail</result>
      </spf>
    </auth_results>
  </record>
  <record>
    <row>
      <source_ip>174.143.44.253</source_ip>
      <count>1055</count>
      <policy_evaluated>
        <disposition>none</disposition>
      </policy_evaluated>
    </row>
    <identities>
      <header_from>smashboards.com</header_from>
    </identities>
    <auth_results>
      <dkim>
        <domain>smashboards.com</domain>
        <result>pass</result>
        <human_result></human_result>
      </dkim>
      <spf>
        <domain>smashboards.com</domain>
        <result>pass</result>
      </spf>
    </auth_results>
  </record>
  <record>
    <row>
      <source_ip>46.100.244.154</source_ip>
      <count>1</count>
      <policy_evaluated>
        <disposition>none</disposition>
      </policy_evaluated>
    </row>
    <identities>
      <header_from>smashboards.com</header_from>
    </identities>
    <auth_results>
      <dkim>
        <domain></domain>
        <result>none</result>
        <human_result></human_result>
      </dkim>
      <spf>
        <domain>smashboards.com</domain>
        <result>softfail</result>
      </spf>
    </auth_results>
  </record>
  <record>
    <row>
      <source_ip>197.122.130.254</source_ip>
      <count>1</count>
      <policy_evaluated>
        <disposition>none</disposition>
      </policy_evaluated>
    </row>
    <identities>
      <header_from>smashboards.com</header_from>
    </identities>
    <auth_results>
      <dkim>
        <domain></domain>
        <result>none</result>
        <human_result></human_result>
      </dkim>
      <spf>
        <domain>smashboards.com</domain>
        <result>temperror</result>
      </spf>
    </auth_results>
  </record>
  <record>
    <row>
      <source_ip>65.55.90.37</source_ip>
      <count>1</count>
      <policy_evaluated>
        <disposition>none</disposition>
        <reason>
          <type>forwarded</type>
          <comment></comment>
        </reason>
      </policy_evaluated>
    </row>
    <identities>
      <header_from>smashboards.com</header_from>
    </identities>
    <auth_results>
      <dkim>
        <domain>smashboards.com</domain>
        <result>pass</result>
        <human_result></human_result>
      </dkim>
      <spf>
        <domain>hotmail.com</domain>
        <result>pass</result>
      </spf>
    </auth_results>
  </record>
  <record>
    <row>
      <source_ip>64.18.0.77</source_ip>
      <count>1</count>
      <policy_evaluated>
        <disposition>none</disposition>
      </policy_evaluated>
    </row>
    <identities>
      <header_from>smashboards.com</header_from>
    </identities>
    <auth_results>
      <dkim>
        <domain>smashboards.com</domain>
        <result>pass</result>
        <human_result></human_result>
      </dkim>
      <spf>
        <domain>smashboards.com</domain>
        <result>pass</result>
      </spf>
    </auth_results>
  </record>
  <record>
    <row>
      <source_ip>190.42.71.3</source_ip>
      <count>1</count>
      <policy_evaluated>
        <disposition>none</disposition>
      </policy_evaluated>
    </row>
    <identities>
      <header_from>smashboards.com</header_from>
    </identities>
    <auth_results>
      <dkim>
        <domain></domain>
        <result>none</result>
        <human_result></human_result>
      </dkim>
      <spf>
        <domain>smashboards.com</domain>
        <result>temperror</result>
      </spf>
    </auth_results>
  </record>
  <record>
    <row>
      <source_ip>1.230.186.13</source_ip>
      <count>1</count>
      <policy_evaluated>
        <disposition>none</disposition>
      </policy_evaluated>
    </row>
    <identities>
      <header_from>smashboards.com</header_from>
    </identities>
    <auth_results>
      <dkim>
        <domain></domain>
        <result>none</result>
        <human_result></human_result>
      </dkim>
      <spf>
        <domain>smashboards.com</domain>
        <result>softfail</result>
      </spf>
    </auth_results>
  </record>
  <record>
    <row>
      <source_ip>85.26.232.25</source_ip>
      <count>1</count>
      <policy_evaluated>
        <disposition>none</disposition>
      </policy_evaluated>
    </row>
    <identities>
      <header_from>smashboards.com</header_from>
    </identities>
    <auth_results>
      <dkim>
        <domain></domain>
        <result>none</result>
        <human_result></human_result>
      </dkim>
      <spf>
        <domain>smashboards.com</domain>
        <result>softfail</result>
      </spf>
    </auth_results>
  </record>
  <record>
    <row>
      <source_ip>27.51.132.191</source_ip>
      <count>1</count>
      <policy_evaluated>
        <disposition>none</disposition>
      </policy_evaluated>
    </row>
    <identities>
      <header_from>smashboards.com</header_from>
    </identities>
    <auth_results>
      <dkim>
        <domain></domain>
        <result>none</result>
        <human_result></human_result>
      </dkim>
      <spf>
        <domain>smashboards.com</domain>
        <result>softfail</result>
      </spf>
    </auth_results>
  </record>
  <record>
    <row>
      <source_ip>58.186.197.52</source_ip>
      <count>1</count>
      <policy_evaluated>
        <disposition>none</disposition>
      </policy_evaluated>
    </row>
    <identities>
      <header_from>smashboards.com</header_from>
    </identities>
    <auth_results>
      <dkim>
        <domain></domain>
        <result>none</result>
        <human_result></human_result>
      </dkim>
      <spf>
        <domain>smashboards.com</domain>
        <result>softfail</result>
      </spf>
    </auth_results>
  </record>
  <record>
    <row>
      <source_ip>113.166.54.200</source_ip>
      <count>1</count>
      <policy_evaluated>
        <disposition>none</disposition>
      </policy_evaluated>
    </row>
    <identities>
      <header_from>smashboards.com</header_from>
    </identities>
    <auth_results>
      <dkim>
        <domain></domain>
        <result>none</result>
        <human_result></human_result>
      </dkim>
      <spf>
        <domain>smashboards.com</domain>
        <result>softfail</result>
      </spf>
    </auth_results>
  </record>
  <record>
    <row>
      <source_ip>89.123.188.122</source_ip>
      <count>1</count>
      <policy_evaluated>
        <disposition>none</disposition>
      </policy_evaluated>
    </row>
    <identities>
      <header_from>smashboards.com</header_from>
    </identities>
    <auth_results>
      <dkim>
        <domain></domain>
        <result>none</result>
        <human_result></human_result>
      </dkim>
      <spf>
        <domain>smashboards.com</domain>
        <result>softfail</result>
      </spf>
    </auth_results>
  </record>
  <record>
    <row>
      <source_ip>141.211.14.132</source_ip>
      <count>2</count>
      <policy_evaluated>
        <disposition>none</disposition>
        <reason>
          <type>forwarded</type>
          <comment></comment>
        </reason>
      </policy_evaluated>
    </row>
    <identities>
      <header_from>smashboards.com</header_from>
    </identities>
    <auth_results>
      <dkim>
        <domain>smashboards.com</domain>
        <result>neutral</result>
        <human_result></human_result>
      </dkim>
      <spf>
        <domain>smashboards.com</domain>
        <result>softfail</result>
      </spf>
    </auth_results>
  </record>
  <record>
    <row>
      <source_ip>58.9.196.126</source_ip>
      <count>1</count>
      <policy_evaluated>
        <disposition>none</disposition>
      </policy_evaluated>
    </row>
    <identities>
      <header_from>smashboards.com</header_from>
    </identities>
    <auth_results>
      <dkim>
        <domain></domain>
        <result>none</result>
        <human_result></human_result>
      </dkim>
      <spf>
        <domain>smashboards.com</domain>
        <result>softfail</result>
      </spf>
    </auth_results>
  </record>
  <record>
    <row>
      <source_ip>117.231.15.70</source_ip>
      <count>1</count>
      <policy_evaluated>
        <disposition>none</disposition>
      </policy_evaluated>
    </row>
    <identities>
      <header_from>smashboards.com</header_from>
    </identities>
    <auth_results>
      <dkim>
        <domain></domain>
        <result>none</result>
        <human_result></human_result>
      </dkim>
      <spf>
        <domain>smashboards.com</domain>
        <result>softfail</result>
      </spf>
    </auth_results>
  </record>
  <record>
    <row>
      <source_ip>139.190.75.24</source_ip>
      <count>1</count>
      <policy_evaluated>
        <disposition>none</disposition>
      </policy_evaluated>
    </row>
    <identities>
      <header_from>smashboards.com</header_from>
    </identities>
    <auth_results>
      <dkim>
        <domain></domain>
        <result>none</result>
        <human_result></human_result>
      </dkim>
      <spf>
        <domain>smashboards.com</domain>
        <result>softfail</result>
      </spf>
    </auth_results>
  </record>
  <record>
    <row>
      <source_ip>41.231.153.122</source_ip>
      <count>1</count>
      <policy_evaluated>
        <disposition>none</disposition>
      </policy_evaluated>
    </row>
    <identities>
      <header_from>smashboards.com</header_from>
    </identities>
    <auth_results>
      <dkim>
        <domain></domain>
        <result>none</result>
        <human_result></human_result>
      </dkim>
      <spf>
        <domain>smashboards.com</domain>
        <result>softfail</result>
      </spf>
    </auth_results>
  </record>
  <record>
    <row>
      <source_ip>144.118.29.83</source_ip>
      <count>2</count>
      <policy_evaluated>
        <disposition>none</disposition>
        <reason>
          <type>forwarded</type>
          <comment></comment>
        </reason>
      </policy_evaluated>
    </row>
    <identities>
      <header_from>smashboards.com</header_from>
    </identities>
    <auth_results>
      <dkim>
        <domain>smashboards.com</domain>
        <result>fail</result>
        <human_result></human_result>
      </dkim>
      <spf>
        <domain>smashboards.com</domain>
        <result>softfail</result>
      </spf>
    </auth_results>
  </record>
  <record>
    <row>
      <source_ip>162.39.147.126</source_ip>
      <count>1</count>
      <policy_evaluated>
        <disposition>none</disposition>
        <reason>
          <type>forwarded</type>
          <comment></comment>
        </reason>
      </policy_evaluated>
    </row>
    <identities>
      <header_from>smashboards.com</header_from>
    </identities>
    <auth_results>
      <dkim>
        <domain>smashboards.com</domain>
        <result>pass</result>
        <human_result></human_result>
      </dkim>
      <spf>
        <domain>smashboards.com</domain>
        <result>softfail</result>
      </spf>
    </auth_results>
  </record>
  <record>
    <row>
      <source_ip>141.211.176.135</source_ip>
      <count>2</count>
      <policy_evaluated>
        <disposition>none</disposition>
        <reason>
          <type>forwarded</type>
          <comment></comment>
        </reason>
      </policy_evaluated>
    </row>
    <identities>
      <header_from>smashboards.com</header_from>
    </identities>
    <auth_results>
      <dkim>
        <domain>smashboards.com</domain>
        <result>neutral</result>
        <human_result></human_result>
      </dkim>
      <spf>
        <domain>smashboards.com</domain>
        <result>softfail</result>
      </spf>
    </auth_results>
  </record>
  <record>
    <row>
      <source_ip>1.52.136.181</source_ip>
      <count>1</count>
      <policy_evaluated>
        <disposition>none</disposition>
      </policy_evaluated>
    </row>
    <identities>
      <header_from>smashboards.com</header_from>
    </identities>
    <auth_results>
      <dkim>
        <domain></domain>
        <result>none</result>
        <human_result></human_result>
      </dkim>
      <spf>
        <domain>smashboards.com</domain>
        <result>softfail</result>
      </spf>
    </auth_results>
  </record>
  <record>
    <row>
      <source_ip>95.82.195.178</source_ip>
      <count>1</count>
      <policy_evaluated>
        <disposition>none</disposition>
      </policy_evaluated>
    </row>
    <identities>
      <header_from>smashboards.com</header_from>
    </identities>
    <auth_results>
      <dkim>
        <domain></domain>
        <result>none</result>
        <human_result></human_result>
      </dkim>
      <spf>
        <domain>smashboards.com</domain>
        <result>softfail</result>
      </spf>
    </auth_results>
  </record>
  <record>
    <row>
      <source_ip>197.120.16.166</source_ip>
      <count>1</count>
      <policy_evaluated>
        <disposition>none</disposition>
      </policy_evaluated>
    </row>
    <identities>
      <header_from>smashboards.com</header_from>
    </identities>
    <auth_results>
      <dkim>
        <domain></domain>
        <result>none</result>
        <human_result></human_result>
      </dkim>
      <spf>
        <domain>smashboards.com</domain>
        <result>temperror</result>
      </spf>
    </auth_results>
  </record>
  <record>
    <row>
      <source_ip>94.248.116.244</source_ip>
      <count>1</count>
      <policy_evaluated>
        <disposition>none</disposition>
      </policy_evaluated>
    </row>
    <identities>
      <header_from>smashboards.com</header_from>
    </identities>
    <auth_results>
      <dkim>
        <domain></domain>
        <result>none</result>
        <human_result></human_result>
      </dkim>
      <spf>
        <domain>smashboards.com</domain>
        <result>softfail</result>
      </spf>
    </auth_results>
  </record>
  <record>
    <row>
      <source_ip>190.245.143.108</source_ip>
      <count>1</count>
      <policy_evaluated>
        <disposition>none</disposition>
      </policy_evaluated>
    </row>
    <identities>
      <header_from>smashboards.com</header_from>
    </identities>
    <auth_results>
      <dkim>
        <domain></domain>
        <result>none</result>
        <human_result></human_result>
      </dkim>
      <spf>
        <domain>smashboards.com</domain>
        <result>softfail</result>
      </spf>
    </auth_results>
  </record>
  <record>
    <row>
      <source_ip>141.211.14.133</source_ip>
      <count>1</count>
      <policy_evaluated>
        <disposition>none</disposition>
        <reason>
          <type>forwarded</type>
          <comment></comment>
        </reason>
      </policy_evaluated>
    </row>
    <identities>
      <header_from>smashboards.com</header_from>
    </identities>
    <auth_results>
      <dkim>
        <domain>smashboards.com</domain>
        <result>neutral</result>
        <human_result></human_result>
      </dkim>
      <spf>
        <domain>smashboards.com</domain>
        <result>softfail</result>
      </spf>
    </auth_results>
  </record>
  <record>
    <row>
      <source_ip>117.6.95.120</source_ip>
      <count>1</count>
      <policy_evaluated>
        <disposition>none</disposition>
      </policy_evaluated>
    </row>
    <identities>
      <header_from>smashboards.com</header_from>
    </identities>
    <auth_results>
      <dkim>
        <domain></domain>
        <result>none</result>
        <human_result></human_result>
      </dkim>
      <spf>
        <domain>smashboards.com</domain>
        <result>neutral</result>
      </spf>
    </auth_results>
  </record>
  <record>
    <row>
      <source_ip>41.44.10.112</source_ip>
      <count>1</count>
      <policy_evaluated>
        <disposition>none</disposition>
      </policy_evaluated>
    </row>
    <identities>
      <header_from>smashboards.com</header_from>
    </identities>
    <auth_results>
      <dkim>
        <domain></domain>
        <result>none</result>
        <human_result></human_result>
      </dkim>
      <spf>
        <domain>smashboards.com</domain>
        <result>softfail</result>
      </spf>
    </auth_results>
  </record>
  <record>
    <row>
      <source_ip>123.26.225.122</source_ip>
      <count>1</count>
      <policy_evaluated>
        <disposition>none</disposition>
      </policy_evaluated>
    </row>
    <identities>
      <header_from>smashboards.com</header_from>
    </identities>
    <auth_results>
      <dkim>
        <domain></domain>
        <result>none</result>
        <human_result></human_result>
      </dkim>
      <spf>
        <domain>smashboards.com</domain>
        <result>softfail</result>
      </spf>
    </auth_results>
  </record>
  <record>
    <row>
      <source_ip>113.190.139.218</source_ip>
      <count>1</count>
      <policy_evaluated>
        <disposition>none</disposition>
      </policy_evaluated>
    </row>
    <identities>
      <header_from>smashboards.com</header_from>
    </identities>
    <auth_results>
      <dkim>
        <domain></domain>
        <result>none</result>
        <human_result></human_result>
      </dkim>
      <spf>
        <domain>smashboards.com</domain>
        <result>softfail</result>
      </spf>
    </auth_results>
  </record>
  <record>
    <row>
      <source_ip>175.110.154.251</source_ip>
      <count>4</count>
      <policy_evaluated>
        <disposition>none</disposition>
      </policy_evaluated>
    </row>
    <identities>
      <header_from>smashboards.com</header_from>
    </identities>
    <auth_results>
      <dkim>
        <domain></domain>
        <result>none</result>
        <human_result></human_result>
      </dkim>
      <spf>
        <domain>smashboards.com</domain>
        <result>softfail</result>
      </spf>
    </auth_results>
  </record>
  <record>
    <row>
      <source_ip>186.146.206.115</source_ip>
      <count>1</count>
      <policy_evaluated>
        <disposition>none</disposition>
      </policy_evaluated>
    </row>
    <identities>
      <header_from>smashboards.com</header_from>
    </identities>
    <auth_results>
      <dkim>
        <domain></domain>
        <result>none</result>
        <human_result></human_result>
      </dkim>
      <spf>
        <domain>smashboards.com</domain>
        <result>softfail</result>
      </spf>
    </auth_results>
  </record>
  <record>
    <row>
      <source_ip>162.39.147.121</source_ip>
      <count>1</count>
      <policy_evaluated>
        <disposition>none</disposition>
        <reason>
          <type>forwarded</type>
          <comment></comment>
        </reason>
      </policy_evaluated>
    </row>
    <identities>
      <header_from>smashboards.com</header_from>
    </identities>
    <auth_results>
      <dkim>
        <domain>smashboards.com</domain>
        <result>pass</result>
        <human_result></human_result>
      </dkim>
      <spf>
        <domain>smashboards.com</domain>
        <result>softfail</result>
      </spf>
    </auth_results>
  </record>
  <record>
    <row>
      <source_ip>64.18.0.38</source_ip>
      <count>1</count>
      <policy_evaluated>
        <disposition>none</disposition>
      </policy_evaluated>
    </row>
    <identities>
      <header_from>smashboards.com</header_from>
    </identities>
    <auth_results>
      <dkim>
        <domain>smashboards.com</domain>
        <result>pass</result>
        <human_result></human_result>
      </dkim>
      <spf>
        <domain>smashboards.com</domain>
        <result>pass</result>
      </spf>
    </auth_results>
  </record>
  <record>
    <row>
      <source_ip>117.211.91.58</source_ip>
      <count>1</count>
      <policy_evaluated>
        <disposition>none</disposition>
      </policy_evaluated>
    </row>
    <identities>
      <header_from>smashboards.com</header_from>
    </identities>
    <auth_results>
      <dkim>
        <domain></domain>
        <result>none</result>
        <human_result></human_result>
      </dkim>
      <spf>
        <domain>smashboards.com</domain>
        <result>softfail</result>
      </spf>
    </auth_results>
  </record>
  <record>
    <row>
      <source_ip>183.83.85.195</source_ip>
      <count>1</count>
      <policy_evaluated>
        <disposition>none</disposition>
      </policy_evaluated>
    </row>
    <identities>
      <header_from>smashboards.com</header_from>
    </identities>
    <auth_results>
      <dkim>
        <domain></domain>
        <result>none</result>
        <human_result></human_result>
      </dkim>
      <spf>
        <domain>smashboards.com</domain>
        <result>softfail</result>
      </spf>
    </auth_results>
  </record>
  <record>
    <row>
      <source_ip>203.112.74.22</source_ip>
      <count>1</count>
      <policy_evaluated>
        <disposition>none</disposition>
      </policy_evaluated>
    </row>
    <identities>
      <header_from>smashboards.com</header_from>
    </identities>
    <auth_results>
      <dkim>
        <domain></domain>
        <result>none</result>
        <human_result></human_result>
      </dkim>
      <spf>
        <domain>smashboards.com</domain>
        <result>softfail</result>
      </spf>
    </auth_results>
  </record>
  <record>
    <row>
      <source_ip>27.251.78.122</source_ip>
      <count>1</count>
      <policy_evaluated>
        <disposition>none</disposition>
      </policy_evaluated>
    </row>
    <identities>
      <header_from>smashboards.com</header_from>
    </identities>
    <auth_results>
      <dkim>
        <domain></domain>
        <result>none</result>
        <human_result></human_result>
      </dkim>
      <spf>
        <domain>smashboards.com</domain>
        <result>softfail</result>
      </spf>
    </auth_results>
  </record>
  <record>
    <row>
      <source_ip>41.224.107.44</source_ip>
      <count>1</count>
      <policy_evaluated>
        <disposition>none</disposition>
      </policy_evaluated>
    </row>
    <identities>
      <header_from>smashboards.com</header_from>
    </identities>
    <auth_results>
      <dkim>
        <domain></domain>
        <result>none</result>
        <human_result></human_result>
      </dkim>
      <spf>
        <domain>smashboards.com</domain>
        <result>softfail</result>
      </spf>
    </auth_results>
  </record>
  <record>
    <row>
      <source_ip>117.219.32.194</source_ip>
      <count>1</count>
      <policy_evaluated>
        <disposition>none</disposition>
      </policy_evaluated>
    </row>
    <identities>
      <header_from>smashboards.com</header_from>
    </identities>
    <auth_results>
      <dkim>
        <domain></domain>
        <result>none</result>
        <human_result></human_result>
      </dkim>
      <spf>
        <domain>smashboards.com</domain>
        <result>softfail</result>
      </spf>
    </auth_results>
  </record>
  <record>
    <row>
      <source_ip>117.239.108.11</source_ip>
      <count>1</count>
      <policy_evaluated>
        <disposition>none</disposition>
      </policy_evaluated>
    </row>
    <identities>
      <header_from>smashboards.com</header_from>
    </identities>
    <auth_results>
      <dkim>
        <domain></domain>
        <result>none</result>
        <human_result></human_result>
      </dkim>
      <spf>
        <domain>smashboards.com</domain>
        <result>temperror</result>
      </spf>
    </auth_results>
  </record>
  <record>
    <row>
      <source_ip>174.143.44.253</source_ip>
      <count>2</count>
      <policy_evaluated>
        <disposition>none</disposition>
      </policy_evaluated>
    </row>
    <identities>
      <header_from>smashboards.com</header_from>
    </identities>
    <auth_results>
      <dkim>
        <domain>smashboards.com</domain>
        <result>neutral</result>
        <human_result></human_result>
      </dkim>
      <spf>
        <domain>smashboards.com</domain>
        <result>pass</result>
      </spf>
    </auth_results>
  </record>
  <record>
    <row>
      <source_ip>74.125.83.51</source_ip>
      <count>1</count>
      <policy_evaluated>
        <disposition>none</disposition>
        <reason>
          <type>forwarded</type>
          <comment></comment>
        </reason>
      </policy_evaluated>
    </row>
    <identities>
      <header_from>smashboards.com</header_from>
    </identities>
    <auth_results>
      <dkim>
        <domain>smashboards.com</domain>
        <result>pass</result>
        <human_result></human_result>
      </dkim>
      <spf>
        <domain>njit.edu</domain>
        <result>neutral</result>
      </spf>
    </auth_results>
  </record>
  <record>
    <row>
      <source_ip>64.18.0.55</source_ip>
      <count>1</count>
      <policy_evaluated>
        <disposition>none</disposition>
      </policy_evaluated>
    </row>
    <identities>
      <header_from>smashboards.com</header_from>
    </identities>
    <auth_results>
      <dkim>
        <domain>smashboards.com</domain>
        <result>pass</result>
        <human_result></human_result>
      </dkim>
      <spf>
        <domain>smashboards.com</domain>
        <result>pass</result>
      </spf>
    </auth_results>
  </record>
  <record>
    <row>
      <source_ip>64.18.0.91</source_ip>
      <count>1</count>
      <policy_evaluated>
        <disposition>none</disposition>
      </policy_evaluated>
    </row>
    <identities>
      <header_from>smashboards.com</header_from>
    </identities>
    <auth_results>
      <dkim>
        <domain>smashboards.com</domain>
        <result>pass</result>
        <human_result></human_result>
      </dkim>
      <spf>
        <domain>smashboards.com</domain>
        <result>pass</result>
      </spf>
    </auth_results>
  </record>
  <record>
    <row>
      <source_ip>121.177.22.8</source_ip>
      <count>1</count>
      <policy_evaluated>
        <disposition>none</disposition>
      </policy_evaluated>
    </row>
    <identities>
      <header_from>smashboards.com</header_from>
    </identities>
    <auth_results>
      <dkim>
        <domain></domain>
        <result>none</result>
        <human_result></human_result>
      </dkim>
      <spf>
        <domain>smashboards.com</domain>
        <result>softfail</result>
      </spf>
    </auth_results>
  </record>
  <record>
    <row>
      <source_ip>117.206.56.94</source_ip>
      <count>1</count>
      <policy_evaluated>
        <disposition>none</disposition>
      </policy_evaluated>
    </row>
    <identities>
      <header_from>smashboards.com</header_from>
    </identities>
    <auth_results>
      <dkim>
        <domain></domain>
        <result>none</result>
        <human_result></human_result>
      </dkim>
      <spf>
        <domain>smashboards.com</domain>
        <result>softfail</result>
      </spf>
    </auth_results>
  </record>
  <record>
    <row>
      <source_ip>39.117.112.30</source_ip>
      <count>1</count>
      <policy_evaluated>
        <disposition>none</disposition>
      </policy_evaluated>
    </row>
    <identities>
      <header_from>smashboards.com</header_from>
    </identities>
    <auth_results>
      <dkim>
        <domain></domain>
        <result>none</result>
        <human_result></human_result>
      </dkim>
      <spf>
        <domain>smashboards.com</domain>
        <result>softfail</result>
      </spf>
    </auth_results>
  </record>
  <record>
    <row>
      <source_ip>93.85.172.160</source_ip>
      <count>1</count>
      <policy_evaluated>
        <disposition>none</disposition>
      </policy_evaluated>
    </row>
    <identities>
      <header_from>smashboards.com</header_from>
    </identities>
    <auth_results>
      <dkim>
        <domain></domain>
        <result>none</result>
        <human_result></human_result>
      </dkim>
      <spf>
        <domain>smashboards.com</domain>
        <result>softfail</result>
      </spf>
    </auth_results>
  </record>
  <record>
    <row>
      <source_ip>117.212.98.208</source_ip>
      <count>1</count>
      <policy_evaluated>
        <disposition>none</disposition>
      </policy_evaluated>
    </row>
    <identities>
      <header_from>smashboards.com</header_from>
    </identities>
    <auth_results>
      <dkim>
        <domain></domain>
        <result>none</result>
        <human_result></human_result>
      </dkim>
      <spf>
        <domain>smashboards.com</domain>
        <result>softfail</result>
      </spf>
    </auth_results>
  </record>
  <record>
    <row>
      <source_ip>178.203.230.215</source_ip>
      <count>3</count>
      <policy_evaluated>
        <disposition>none</disposition>
      </policy_evaluated>
    </row>
    <identities>
      <header_from>smashboards.com</header_from>
    </identities>
    <auth_results>
      <dkim>
        <domain></domain>
        <result>none</result>
        <human_result></human_result>
      </dkim>
      <spf>
        <domain>smashboards.com</domain>
        <result>softfail</result>
      </spf>
    </auth_results>
  </record>
  <record>
    <row>
      <source_ip>186.254.250.138</source_ip>
      <count>1</count>
      <policy_evaluated>
        <disposition>none</disposition>
      </policy_evaluated>
    </row>
    <identities>
      <header_from>smashboards.com</header_from>
    </identities>
    <auth_results>
      <dkim>
        <domain></domain>
        <result>none</result>
        <human_result></human_result>
      </dkim>
      <spf>
        <domain>smashboards.com</domain>
        <result>softfail</result>
      </spf>
    </auth_results>
  </record>
  <record>
    <row>
      <source_ip>187.107.207.224</source_ip>
      <count>1</count>
      <policy_evaluated>
        <disposition>none</disposition>
      </policy_evaluated>
    </row>
    <identities>
      <header_from>smashboards.com</header_from>
    </identities>
    <auth_results>
      <dkim>
        <domain></domain>
        <result>none</result>
        <human_result></human_result>
      </dkim>
      <spf>
        <domain>smashboards.com</domain>
        <result>softfail</result>
      </spf>
    </auth_results>
  </record>
  <record>
    <row>
      <source_ip>65.55.90.140</source_ip>
      <count>1</count>
      <policy_evaluated>
        <disposition>none</disposition>
        <reason>
          <type>forwarded</type>
          <comment></comment>
        </reason>
      </policy_evaluated>
    </row>
    <identities>
      <header_from>smashboards.com</header_from>
    </identities>
    <auth_results>
      <dkim>
        <domain>smashboards.com</domain>
        <result>pass</result>
        <human_result></human_result>
      </dkim>
      <spf>
        <domain>hotmail.com</domain>
        <result>pass</result>
      </spf>
    </auth_results>
  </record>
  <record>
    <row>
      <source_ip>74.125.83.45</source_ip>
      <count>1</count>
      <policy_evaluated>
        <disposition>none</disposition>
        <reason>
          <type>forwarded</type>
          <comment></comment>
        </reason>
      </policy_evaluated>
    </row>
    <identities>
      <header_from>smashboards.com</header_from>
    </identities>
    <auth_results>
      <dkim>
        <domain>smashboards.com</domain>
        <result>pass</result>
        <human_result></human_result>
      </dkim>
      <spf>
        <domain>njit.edu</domain>
        <result>neutral</result>
      </spf>
    </auth_results>
  </record>
  <record>
    <row>
      <source_ip>209.85.215.182</source_ip>
      <count>1</count>
      <policy_evaluated>
        <disposition>none</disposition>
        <reason>
          <type>forwarded</type>
          <comment></comment>
        </reason>
      </policy_evaluated>
    </row>
    <identities>
      <header_from>smashboards.com</header_from>
    </identities>
    <auth_results>
      <dkim>
        <domain>smashboards.com</domain>
        <result>pass</result>
        <human_result></human_result>
      </dkim>
      <spf>
        <domain>njit.edu</domain>
        <result>neutral</result>
      </spf>
    </auth_results>
  </record>
  <record>
    <row>
      <source_ip>118.97.95.156</source_ip>
      <count>1</count>
      <policy_evaluated>
        <disposition>none</disposition>
      </policy_evaluated>
    </row>
    <identities>
      <header_from>smashboards.com</header_from>
    </identities>
    <auth_results>
      <dkim>
        <domain></domain>
        <result>none</result>
        <human_result></human_result>
      </dkim>
      <spf>
        <domain>smashboards.com</domain>
        <result>softfail</result>
      </spf>
    </auth_results>
  </record>
  <record>
    <row>
      <source_ip>39.115.113.214</source_ip>
      <count>1</count>
      <policy_evaluated>
        <disposition>none</disposition>
      </policy_evaluated>
    </row>
    <identities>
      <header_from>smashboards.com</header_from>
    </identities>
    <auth_results>
      <dkim>
        <domain></domain>
        <result>none</result>
        <human_result></human_result>
      </dkim>
      <spf>
        <domain>smashboards.com</domain>
        <result>softfail</result>
      </spf>
    </auth_results>
  </record>
  <record>
    <row>
      <source_ip>129.15.0.239</source_ip>
      <count>4</count>
      <policy_evaluated>
        <disposition>none</disposition>
        <reason>
          <type>forwarded</type>
          <comment></comment>
        </reason>
      </policy_evaluated>
    </row>
    <identities>
      <header_from>smashboards.com</header_from>
    </identities>
    <auth_results>
      <dkim>
        <domain>smashboards.com</domain>
        <result>fail</result>
        <human_result></human_result>
      </dkim>
      <spf>
        <domain>ou.edu</domain>
        <result>neutral</result>
      </spf>
    </auth_results>
  </record>
  <record>
    <row>
      <source_ip>216.32.180.31</source_ip>
      <count>1</count>
      <policy_evaluated>
        <disposition>none</disposition>
        <reason>
          <type>forwarded</type>
          <comment></comment>
        </reason>
      </policy_evaluated>
    </row>
    <identities>
      <header_from>smashboards.com</header_from>
    </identities>
    <auth_results>
      <dkim>
        <domain></domain>
        <result>none</result>
        <human_result></human_result>
      </dkim>
      <spf>
        <domain>va3outboundpool.messaging.microsoft.com</domain>
        <result>neutral</result>
      </spf>
    </auth_results>
  </record>
</feedback>
