<?xml version="1.0"?>	
<feedback>	
  <report_metadata>	
    <org_name>Yahoo! Inc.</org_name>	
    <email>postmaster@dmarc.yahoo.com</email>	
    <report_id>1339147361.157004</report_id>	
    <date_range>	
      <begin>1339027200</begin>	
      <end>1339113599 </end>	
    </date_range>	
  </report_metadata>	
  <policy_published>	
    <domain>gamebattles.com</domain>	
    <adkim>r</adkim>	
    <aspf>r</aspf>	
    <p>none</p>	
    <pct>100</pct>	
  </policy_published>	
  <record>	
    <row>	
      <source_ip>134.29.1.12</source_ip>	
      <count>1</count>	
      <policy_evaluated>	
        <disposition>none</disposition>	
        <dkim>pass</dkim>	
        <spf>fail</spf>	
      </policy_evaluated>	
    </row>	
    <identifiers>	
      <header_from>gamebattles.com</header_from>	
    </identifiers>	
    <auth_results>	
      <dkim>	
        <domain>gamebattles.com</domain>	
        <result>pass</result>	
      </dkim>	
      <spf>	
        <domain>gamebattles.com</domain>	
        <result>softfail</result>	
      </spf>	
    </auth_results>	
  </record>	
  <record>	
    <row>	
      <source_ip>174.143.44.253</source_ip>	
      <count>10</count>	
      <policy_evaluated>	
        <disposition>none</disposition>	
        <dkim>fail</dkim>	
        <spf>fail</spf>	
      </policy_evaluated>	
    </row>	
    <identifiers>	
      <header_from>gamebattles.com</header_from>	
    </identifiers>	
    <auth_results>	
      <dkim>	
        <domain>gamebattles.com</domain>	
        <result>permerror</result>	
      </dkim>	
      <spf>	
        <domain>gamebattles.com</domain>	
        <result>fail</result>	
      </spf>	
    </auth_results>	
  </record>	
  <record>	
    <row>	
      <source_ip>174.143.44.253</source_ip>	
      <count>264</count>	
      <policy_evaluated>	
        <disposition>none</disposition>	
        <dkim>fail</dkim>	
        <spf>pass</spf>	
      </policy_evaluated>	
    </row>	
    <identifiers>	
      <header_from>gamebattles.com</header_from>	
    </identifiers>	
    <auth_results>	
      <dkim>	
        <domain>gamebattles.com</domain>	
        <result>permerror</result>	
      </dkim>	
      <spf>	
        <domain>gamebattles.com</domain>	
        <result>pass</result>	
      </spf>	
    </auth_results>	
  </record>	
  <record>	
    <row>	
      <source_ip>174.143.44.253</source_ip>	
      <count>686</count>	
      <policy_evaluated>	
        <disposition>none</disposition>	
        <dkim>pass</dkim>	
        <spf>fail</spf>	
      </policy_evaluated>	
    </row>	
    <identifiers>	
      <header_from>gamebattles.com</header_from>	
    </identifiers>	
    <auth_results>	
      <dkim>	
        <domain>gamebattles.com</domain>	
        <result>pass</result>	
      </dkim>	
      <spf>	
        <domain>gamebattles.com</domain>	
        <result>fail</result>	
      </spf>	
    </auth_results>	
  </record>	
  <record>	
    <row>	
      <source_ip>174.143.44.253</source_ip>	
      <count>13302</count>	
      <policy_evaluated>	
        <disposition>none</disposition>	
        <dkim>pass</dkim>	
        <spf>pass</spf>	
      </policy_evaluated>	
    </row>	
    <identifiers>	
      <header_from>gamebattles.com</header_from>	
    </identifiers>	
    <auth_results>	
      <dkim>	
        <domain>gamebattles.com</domain>	
        <result>pass</result>	
      </dkim>	
      <spf>	
        <domain>gamebattles.com</domain>	
        <result>pass</result>	
      </spf>	
    </auth_results>	
  </record>	
  <record>	
    <row>	
      <source_ip>65.55.116.81</source_ip>	
      <count>1</count>	
      <policy_evaluated>	
        <disposition>none</disposition>	
        <dkim>pass</dkim>	
        <spf>fail</spf>	
      </policy_evaluated>	
    </row>	
    <identifiers>	
      <header_from>gamebattles.com</header_from>	
    </identifiers>	
    <auth_results>	
      <dkim>	
        <domain>gamebattles.com</domain>	
        <result>pass</result>	
      </dkim>	
      <spf>	
        <domain>hotmail.com</domain>	
        <result>pass</result>	
      </spf>	
    </auth_results>	
  </record>	
  <record>	
    <row>	
      <source_ip>65.55.34.152</source_ip>	
      <count>1</count>	
      <policy_evaluated>	
        <disposition>none</disposition>	
        <dkim>pass</dkim>	
        <spf>fail</spf>	
      </policy_evaluated>	
    </row>	
    <identifiers>	
      <header_from>gamebattles.com</header_from>	
    </identifiers>	
    <auth_results>	
      <dkim>	
        <domain>gamebattles.com</domain>	
        <result>pass</result>	
      </dkim>	
      <spf>	
        <domain>hotmail.com</domain>	
        <result>pass</result>	
      </spf>	
    </auth_results>	
  </record>	
  <record>	
    <row>	
      <source_ip>76.96.27.228</source_ip>	
      <count>1</count>	
      <policy_evaluated>	
        <disposition>none</disposition>	
        <dkim>pass</dkim>	
        <spf>fail</spf>	
      </policy_evaluated>	
    </row>	
    <identifiers>	
      <header_from>gamebattles.com</header_from>	
    </identifiers>	
    <auth_results>	
      <dkim>	
        <domain>gamebattles.com</domain>	
        <result>pass</result>	
      </dkim>	
      <spf>	
        <domain>gamebattles.com</domain>	
        <result>softfail</result>	
      </spf>	
    </auth_results>	
  </record>	
  <record>	
    <row>	
      <source_ip>76.96.30.16</source_ip>	
      <count>1</count>	
      <policy_evaluated>	
        <disposition>none</disposition>	
        <dkim>pass</dkim>	
        <spf>fail</spf>	
      </policy_evaluated>	
    </row>	
    <identifiers>	
      <header_from>gamebattles.com</header_from>	
    </identifiers>	
    <auth_results>	
      <dkim>	
        <domain>gamebattles.com</domain>	
        <result>pass</result>	
      </dkim>	
      <spf>	
        <domain>gamebattles.com</domain>	
        <result>softfail</result>	
      </spf>	
    </auth_results>	
  </record>	
  <record>	
    <row>	
      <source_ip>76.96.30.48</source_ip>	
      <count>1</count>	
      <policy_evaluated>	
        <disposition>none</disposition>	
        <dkim>pass</dkim>	
        <spf>fail</spf>	
      </policy_evaluated>	
    </row>	
    <identifiers>	
      <header_from>gamebattles.com</header_from>	
    </identifiers>	
    <auth_results>	
      <dkim>	
        <domain>gamebattles.com</domain>	
        <result>pass</result>	
      </dkim>	
      <spf>	
        <domain>gamebattles.com</domain>	
        <result>softfail</result>	
      </spf>	
    </auth_results>	
  </record>	
  <record>	
    <row>	
      <source_ip>76.96.30.56</source_ip>	
      <count>1</count>	
      <policy_evaluated>	
        <disposition>none</disposition>	
        <dkim>pass</dkim>	
        <spf>fail</spf>	
      </policy_evaluated>	
    </row>	
    <identifiers>	
      <header_from>gamebattles.com</header_from>	
    </identifiers>	
    <auth_results>	
      <dkim>	
        <domain>gamebattles.com</domain>	
        <result>pass</result>	
      </dkim>	
      <spf>	
        <domain>gamebattles.com</domain>	
        <result>softfail</result>	
      </spf>	
    </auth_results>	
  </record>	
</feedback>	
