<?xml version="1.0"?>	
<feedback>	
  <report_metadata>	
    <org_name>Yahoo! Inc.</org_name>	
    <email>postmaster@dmarc.yahoo.com</email>	
    <report_id>1339060294.719164</report_id>	
    <date_range>	
      <begin>1338940800</begin>	
      <end>1339027199 </end>	
    </date_range>	
  </report_metadata>	
  <policy_published>	
    <domain>majorleaguegaming.com</domain>	
    <adkim>r</adkim>	
    <aspf>r</aspf>	
    <p>none</p>	
    <pct>100</pct>	
  </policy_published>	
  <record>	
    <row>	
      <source_ip>173.231.139.63</source_ip>	
      <count>14</count>	
      <policy_evaluated>	
        <disposition>none</disposition>	
        <dkim>fail</dkim>	
        <spf>fail</spf>	
      </policy_evaluated>	
    </row>	
    <identifiers>	
      <header_from>majorleaguegaming.com</header_from>	
    </identifiers>	
    <auth_results>	
      <dkim>	
        <domain>mail63.us2.mcsv.net</domain>	
        <result>pass</result>	
      </dkim>	
      <spf>	
        <domain>mail63.us2.mcsv.net</domain>	
        <result>pass</result>	
      </spf>	
    </auth_results>	
  </record>	
  <record>	
    <row>	
      <source_ip>174.143.44.253</source_ip>	
      <count>216</count>	
      <policy_evaluated>	
        <disposition>none</disposition>	
        <dkim>fail</dkim>	
        <spf>pass</spf>	
      </policy_evaluated>	
    </row>	
    <identifiers>	
      <header_from>majorleaguegaming.com</header_from>	
    </identifiers>	
    <auth_results>	
      <dkim>	
        <domain>majorleaguegaming.com</domain>	
        <result>neutral</result>	
      </dkim>	
      <spf>	
        <domain>majorleaguegaming.com</domain>	
        <result>pass</result>	
      </spf>	
    </auth_results>	
  </record>	
  <record>	
    <row>	
      <source_ip>174.143.44.253</source_ip>	
      <count>1199</count>	
      <policy_evaluated>	
        <disposition>none</disposition>	
        <dkim>pass</dkim>	
        <spf>pass</spf>	
      </policy_evaluated>	
    </row>	
    <identifiers>	
      <header_from>majorleaguegaming.com</header_from>	
    </identifiers>	
    <auth_results>	
      <dkim>	
        <domain>majorleaguegaming.com</domain>	
        <result>pass</result>	
      </dkim>	
      <spf>	
        <domain>majorleaguegaming.com</domain>	
        <result>pass</result>	
      </spf>	
    </auth_results>	
  </record>	
  <record>	
    <row>	
      <source_ip>209.85.160.173</source_ip>	
      <count>1</count>	
      <policy_evaluated>	
        <disposition>none</disposition>	
        <dkim>pass</dkim>	
        <spf>pass</spf>	
      </policy_evaluated>	
    </row>	
    <identifiers>	
      <header_from>majorleaguegaming.com</header_from>	
    </identifiers>	
    <auth_results>	
      <dkim>	
        <domain>majorleaguegaming.com</domain>	
        <result>pass</result>	
      </dkim>	
      <spf>	
        <domain>majorleaguegaming.com</domain>	
        <result>pass</result>	
      </spf>	
    </auth_results>	
  </record>	
  <record>	
    <row>	
      <source_ip>209.85.160.50</source_ip>	
      <count>1</count>	
      <policy_evaluated>	
        <disposition>none</disposition>	
        <dkim>pass</dkim>	
        <spf>pass</spf>	
      </policy_evaluated>	
    </row>	
    <identifiers>	
      <header_from>majorleaguegaming.com</header_from>	
    </identifiers>	
    <auth_results>	
      <dkim>	
        <domain>majorleaguegaming.com</domain>	
        <result>pass</result>	
      </dkim>	
      <spf>	
        <domain>majorleaguegaming.com</domain>	
        <result>pass</result>	
      </spf>	
    </auth_results>	
  </record>	
  <record>	
    <row>	
      <source_ip>209.85.160.52</source_ip>	
      <count>1</count>	
      <policy_evaluated>	
        <disposition>none</disposition>	
        <dkim>pass</dkim>	
        <spf>pass</spf>	
      </policy_evaluated>	
    </row>	
    <identifiers>	
      <header_from>majorleaguegaming.com</header_from>	
    </identifiers>	
    <auth_results>	
      <dkim>	
        <domain>majorleaguegaming.com</domain>	
        <result>pass</result>	
      </dkim>	
      <spf>	
        <domain>majorleaguegaming.com</domain>	
        <result>pass</result>	
      </spf>	
    </auth_results>	
  </record>	
  <record>	
    <row>	
      <source_ip>209.85.160.54</source_ip>	
      <count>1</count>	
      <policy_evaluated>	
        <disposition>none</disposition>	
        <dkim>pass</dkim>	
        <spf>pass</spf>	
      </policy_evaluated>	
    </row>	
    <identifiers>	
      <header_from>majorleaguegaming.com</header_from>	
    </identifiers>	
    <auth_results>	
      <dkim>	
        <domain>majorleaguegaming.com</domain>	
        <result>pass</result>	
      </dkim>	
      <spf>	
        <domain>majorleaguegaming.com</domain>	
        <result>pass</result>	
      </spf>	
    </auth_results>	
  </record>	
  <record>	
    <row>	
      <source_ip>209.85.210.42</source_ip>	
      <count>1</count>	
      <policy_evaluated>	
        <disposition>none</disposition>	
        <dkim>pass</dkim>	
        <spf>pass</spf>	
      </policy_evaluated>	
    </row>	
    <identifiers>	
      <header_from>majorleaguegaming.com</header_from>	
    </identifiers>	
    <auth_results>	
      <dkim>	
        <domain>majorleaguegaming.com</domain>	
        <result>pass</result>	
      </dkim>	
      <spf>	
        <domain>majorleaguegaming.com</domain>	
        <result>pass</result>	
      </spf>	
    </auth_results>	
  </record>	
  <record>	
    <row>	
      <source_ip>209.85.210.46</source_ip>	
      <count>1</count>	
      <policy_evaluated>	
        <disposition>none</disposition>	
        <dkim>pass</dkim>	
        <spf>pass</spf>	
      </policy_evaluated>	
    </row>	
    <identifiers>	
      <header_from>majorleaguegaming.com</header_from>	
    </identifiers>	
    <auth_results>	
      <dkim>	
        <domain>majorleaguegaming.com</domain>	
        <result>pass</result>	
      </dkim>	
      <spf>	
        <domain>majorleaguegaming.com</domain>	
        <result>pass</result>	
      </spf>	
    </auth_results>	
  </record>	
  <record>	
    <row>	
      <source_ip>209.85.210.51</source_ip>	
      <count>2</count>	
      <policy_evaluated>	
        <disposition>none</disposition>	
        <dkim>pass</dkim>	
        <spf>pass</spf>	
      </policy_evaluated>	
    </row>	
    <identifiers>	
      <header_from>majorleaguegaming.com</header_from>	
    </identifiers>	
    <auth_results>	
      <dkim>	
        <domain>majorleaguegaming.com</domain>	
        <result>pass</result>	
      </dkim>	
      <spf>	
        <domain>majorleaguegaming.com</domain>	
        <result>pass</result>	
      </spf>	
    </auth_results>	
  </record>	
  <record>	
    <row>	
      <source_ip>209.85.210.52</source_ip>	
      <count>1</count>	
      <policy_evaluated>	
        <disposition>none</disposition>	
        <dkim>pass</dkim>	
        <spf>pass</spf>	
      </policy_evaluated>	
    </row>	
    <identifiers>	
      <header_from>majorleaguegaming.com</header_from>	
    </identifiers>	
    <auth_results>	
      <dkim>	
        <domain>majorleaguegaming.com</domain>	
        <result>pass</result>	
      </dkim>	
      <spf>	
        <domain>majorleaguegaming.com</domain>	
        <result>pass</result>	
      </spf>	
    </auth_results>	
  </record>	
  <record>	
    <row>	
      <source_ip>209.85.210.54</source_ip>	
      <count>1</count>	
      <policy_evaluated>	
        <disposition>none</disposition>	
        <dkim>pass</dkim>	
        <spf>pass</spf>	
      </policy_evaluated>	
    </row>	
    <identifiers>	
      <header_from>majorleaguegaming.com</header_from>	
    </identifiers>	
    <auth_results>	
      <dkim>	
        <domain>majorleaguegaming.com</domain>	
        <result>pass</result>	
      </dkim>	
      <spf>	
        <domain>majorleaguegaming.com</domain>	
        <result>pass</result>	
      </spf>	
    </auth_results>	
  </record>	
  <record>	
    <row>	
      <source_ip>209.85.214.182</source_ip>	
      <count>1</count>	
      <policy_evaluated>	
        <disposition>none</disposition>	
        <dkim>fail</dkim>	
        <spf>fail</spf>	
      </policy_evaluated>	
    </row>	
    <identifiers>	
      <header_from>majorleaguegaming.com</header_from>	
    </identifiers>	
    <auth_results>	
      <dkim>	
        <domain>mail63.us2.mcsv.net</domain>	
        <result>pass</result>	
      </dkim>	
      <spf>	
        <domain>gmail.com</domain>	
        <result>pass</result>	
      </spf>	
    </auth_results>	
  </record>	
  <record>	
    <row>	
      <source_ip>209.85.214.42</source_ip>	
      <count>1</count>	
      <policy_evaluated>	
        <disposition>none</disposition>	
        <dkim>pass</dkim>	
        <spf>fail</spf>	
      </policy_evaluated>	
    </row>	
    <identifiers>	
      <header_from>majorleaguegaming.com</header_from>	
    </identifiers>	
    <auth_results>	
      <dkim>	
        <domain>majorleaguegaming.com</domain>	
        <result>pass</result>	
      </dkim>	
      <spf>	
        <domain>gmail.com</domain>	
        <result>pass</result>	
      </spf>	
    </auth_results>	
  </record>	
  <record>	
    <row>	
      <source_ip>209.85.214.53</source_ip>	
      <count>1</count>	
      <policy_evaluated>	
        <disposition>none</disposition>	
        <dkim>pass</dkim>	
        <spf>fail</spf>	
      </policy_evaluated>	
    </row>	
    <identifiers>	
      <header_from>majorleaguegaming.com</header_from>	
    </identifiers>	
    <auth_results>	
      <dkim>	
        <domain>majorleaguegaming.com</domain>	
        <result>pass</result>	
      </dkim>	
      <spf>	
        <domain>gmail.com</domain>	
        <result>pass</result>	
      </spf>	
    </auth_results>	
  </record>	
  <record>	
    <row>	
      <source_ip>64.56.84.172</source_ip>	
      <count>1</count>	
      <policy_evaluated>	
        <disposition>none</disposition>	
        <dkim>fail</dkim>	
        <spf>fail</spf>	
      </policy_evaluated>	
    </row>	
    <identifiers>	
      <header_from>majorleaguegaming.com</header_from>	
    </identifiers>	
    <auth_results>	
      <dkim>	
        <domain>mail342.us3.mcdlv.net</domain>	
        <result>pass</result>	
      </dkim>	
      <spf>	
        <domain>mail342.us3.mcdlv.net</domain>	
        <result>neutral</result>	
      </spf>	
    </auth_results>	
  </record>	
  <record>	
    <row>	
      <source_ip>65.55.116.109</source_ip>	
      <count>1</count>	
      <policy_evaluated>	
        <disposition>none</disposition>	
        <dkim>pass</dkim>	
        <spf>fail</spf>	
      </policy_evaluated>	
    </row>	
    <identifiers>	
      <header_from>majorleaguegaming.com</header_from>	
    </identifiers>	
    <auth_results>	
      <dkim>	
        <domain>majorleaguegaming.com</domain>	
        <result>pass</result>	
      </dkim>	
      <spf>	
        <domain>msn.com</domain>	
        <result>pass</result>	
      </spf>	
    </auth_results>	
  </record>	
</feedback>	
